ObID,HRI,HRL,LRI,LRL,Internals,Leaves,Height,Vertices,Size,Duration,RatioIL,MeanBar,StdBar,Beta1,Beta2,
1285,3,2,0,3,3,5,3,8,7,172.0,0.6,2.6,0.24,1.0,2.125,
348,1,0,0,2,1,2,1,3,2,17.0,0.5,1.0,0.0,0.0,1.0,
980,2,1,0,3,2,4,2,6,5,88.0,0.5,1.75,0.1875,0.5,2.0,
532,3,2,0,3,3,5,3,8,7,310.0,0.6,1.8,0.56,0.8333333333333333,2.375,
915,1,0,0,1,1,1,1,2,1,0.0,1.0,0.0,0.0,0.0,0.0,
556,0,1,1,0,1,1,1,2,1,0.0,1.0,0.0,0.0,0.0,0.0,
371,1,0,0,2,1,2,1,3,2,12.0,0.5,1.0,0.0,0.0,1.0,
250,1,0,1,1,2,1,2,3,2,18.0,2.0,2.0,0.0,1.0,0.5,
997,0,0,1,1,1,1,1,2,1,0.0,1.0,0.0,0.0,0.0,0.0,
7,0,1,1,0,1,1,1,2,1,0.0,1.0,0.0,0.0,0.0,0.0,
900,5,4,1,3,6,7,6,13,12,242.0,0.8571428571428571,3.2857142857142856,2.204081632653061,1.2333333333333332,2.5,
328,1,1,2,0,3,1,3,4,3,99.0,3.0,3.0,0.0,1.5,0.375,
103,3,2,1,3,4,5,3,9,8,65.0,0.8,1.6,0.64,0.8333333333333333,2.375,
661,1,0,0,1,1,1,1,2,1,0.0,1.0,0.0,0.0,0.0,0.0,
294,1,1,0,0,1,1,1,2,1,0.0,1.0,0.0,0.0,0.0,0.0,
898,1,1,1,0,2,1,2,3,2,4.0,2.0,2.0,0.0,1.0,0.5,
406,7,2,1,7,8,9,7,17,16,266.0,0.8888888888888888,3.5555555555555554,3.1358024691358026,1.1261904761904762,2.8984375,
921,1,1,0,4,1,5,1,6,5,119.0,0.2,1.0,0.0,0.0,2.5,
91,1,1,1,1,2,2,2,4,3,28.0,1.0,2.0,0.0,1.0,1.0,
645,7,3,1,8,8,11,5,19,18,401.0,0.7272727272727273,3.1818181818181817,1.0578512396694215,1.4333333333333333,3.78125,
477,0,1,1,0,1,1,1,2,1,0.0,1.0,0.0,0.0,0.0,0.0,
496,1,1,0,1,1,2,1,3,2,50.0,0.5,1.0,0.0,0.0,1.0,
1224,0,0,1,1,1,1,1,2,1,0.0,1.0,0.0,0.0,0.0,0.0,
860,3,1,1,5,4,6,3,10,9,204.0,0.6666666666666666,2.0,0.6666666666666666,1.1666666666666665,2.75,
643,0,0,1,1,1,1,1,2,1,0.0,1.0,0.0,0.0,0.0,0.0,
193,2,1,1,3,3,4,3,7,6,162.0,0.75,2.0,0.5,0.8333333333333333,1.875,
751,1,1,0,3,1,4,1,5,4,84.0,0.25,1.0,0.0,0.0,2.0,
991,1,1,0,1,1,2,1,3,2,45.0,0.5,1.0,0.0,0.0,1.0,
47,2,2,1,0,3,2,3,5,4,33.0,1.5,2.5,0.25,1.0,0.875,
749,5,4,0,9,5,13,4,18,17,374.0,0.38461538461538464,2.230769230769231,1.1005917159763317,1.1666666666666665,5.5,
198,1,3,1,2,2,5,2,7,6,34.0,0.4,1.2,0.16,0.5,2.5,
1207,1,1,0,1,1,2,1,3,2,21.0,0.5,1.0,0.0,0.0,1.0,
1313,2,0,0,1,2,1,2,3,2,31.0,2.0,2.0,0.0,1.0,0.5,
425,1,0,0,1,1,1,1,2,1,0.0,1.0,0.0,0.0,0.0,0.0,
728,1,0,0,1,1,1,1,2,1,0.0,1.0,0.0,0.0,0.0,0.0,
744,7,2,0,13,7,15,4,22,21,265.0,0.4666666666666667,2.466666666666667,0.7822222222222223,1.6666666666666665,6.25,
329,1,1,0,0,1,1,1,2,1,0.0,1.0,0.0,0.0,0.0,0.0,
673,1,0,2,1,3,1,3,4,3,152.0,3.0,3.0,0.0,1.5,0.375,
849,1,1,0,0,1,1,1,2,1,0.0,1.0,0.0,0.0,0.0,0.0,
647,1,0,0,1,1,1,1,2,1,0.0,1.0,0.0,0.0,0.0,0.0,
602,1,1,0,0,1,1,1,2,1,0.0,1.0,0.0,0.0,0.0,0.0,
992,3,2,0,6,3,8,2,11,10,141.0,0.375,1.75,0.1875,0.6666666666666666,4.0,
1162,5,1,0,3,5,4,3,9,8,121.0,1.25,2.25,0.6875,1.0833333333333333,1.75,
734,1,0,0,1,1,1,1,2,1,0.0,1.0,0.0,0.0,0.0,0.0,
261,5,1,0,4,5,5,3,10,9,251.0,1.0,1.8,0.9600000000000002,0.9,2.25,
1310,1,0,0,1,1,1,1,2,1,0.0,1.0,0.0,0.0,0.0,0.0,
312,1,0,0,1,1,1,1,2,1,0.0,1.0,0.0,0.0,0.0,0.0,
526,1,1,0,2,1,3,1,4,3,41.0,0.3333333333333333,1.0,0.0,0.0,1.5,
1221,0,0,1,1,1,1,1,2,1,0.0,1.0,0.0,0.0,0.0,0.0,
1070,2,5,1,8,3,13,2,16,15,423.0,0.23076923076923078,1.2307692307692308,0.1775147928994083,0.6666666666666666,6.5,
1155,1,1,0,0,1,1,1,2,1,0.0,1.0,0.0,0.0,0.0,0.0,
567,4,2,0,1,4,3,3,7,6,45.0,1.3333333333333333,2.0,0.6666666666666666,0.8333333333333333,1.375,
839,2,1,0,0,2,1,2,3,2,33.0,2.0,2.0,0.0,1.0,0.5,
44,9,3,2,11,11,14,4,25,24,247.0,0.7857142857142857,3.0,0.7142857142857143,1.6714285714285713,5.25,
1256,2,1,0,2,2,3,2,5,4,59.0,0.6666666666666666,1.3333333333333333,0.2222222222222222,0.5,1.5,
521,1,0,0,1,1,1,1,2,1,0.0,1.0,0.0,0.0,0.0,0.0,
763,2,0,0,1,2,1,2,3,2,3.0,2.0,2.0,0.0,1.0,0.5,
1222,1,0,0,1,1,1,1,2,1,0.0,1.0,0.0,0.0,0.0,0.0,
195,3,0,2,4,5,4,3,9,8,85.0,1.25,2.75,0.1875,1.0833333333333333,1.625,
15,6,4,1,4,7,8,7,15,14,76.0,0.875,2.875,4.109375,1.1261904761904762,2.9609375,
631,7,3,1,8,8,11,5,19,18,147.0,0.7272727272727273,3.1818181818181817,0.8760330578512399,1.4333333333333333,3.90625,
1144,1,0,0,2,1,2,1,3,2,6.0,0.5,1.0,0.0,0.0,1.0,
1152,2,2,0,5,2,7,2,9,8,108.0,0.2857142857142857,1.2857142857142858,0.20408163265306126,0.5,3.5,
1288,2,1,0,5,2,6,2,8,7,264.0,0.3333333333333333,1.8333333333333333,0.13888888888888887,0.5,3.0,
894,2,0,0,2,2,2,2,4,3,126.0,1.0,2.0,0.0,1.0,1.0,
51,12,4,4,7,16,11,5,27,26,162.0,1.4545454545454546,3.3636363636363638,0.7768595041322314,2.223809523809524,3.65625,
38,7,1,1,10,8,11,4,19,18,296.0,0.7272727272727273,3.090909090909091,0.628099173553719,1.6833333333333333,4.0,
1265,13,9,0,4,13,13,7,26,25,334.0,1.0,5.153846153846154,1.6686390532544377,2.2023809523809526,2.171875,
186,0,1,1,0,1,1,1,2,1,0.0,1.0,0.0,0.0,0.0,0.0,
315,1,1,0,0,1,1,1,2,1,0.0,1.0,0.0,0.0,0.0,0.0,
478,4,2,0,2,4,4,4,8,7,254.0,1.0,2.75,1.6875,0.9166666666666665,1.5,
1015,2,0,0,2,2,2,2,4,3,9.0,1.0,1.5,0.25,0.5,1.0,
832,1,1,0,0,1,1,1,2,1,0.0,1.0,0.0,0.0,0.0,0.0,
569,1,0,0,2,1,2,1,3,2,33.0,0.5,1.0,0.0,0.0,1.0,
1031,1,0,0,1,1,1,1,2,1,0.0,1.0,0.0,0.0,0.0,0.0,
733,2,1,0,1,2,2,2,4,3,29.0,1.0,2.0,0.0,1.0,1.0,
609,1,1,0,2,1,3,1,4,3,8.0,0.3333333333333333,1.0,0.0,0.0,1.5,
122,37,17,6,36,43,53,8,96,95,420.0,0.8113207547169812,4.679245283018868,2.557493770024919,4.3155122655122655,11.546875,
747,2,1,0,0,2,1,2,3,2,10.0,2.0,2.0,0.0,1.0,0.5,
986,9,4,1,8,10,12,7,22,21,324.0,0.8333333333333334,3.5833333333333335,3.0763888888888897,1.6357142857142857,3.6796875,
1296,1,1,0,0,1,1,1,2,1,0.0,1.0,0.0,0.0,0.0,0.0,
819,1,0,0,1,1,1,1,2,1,0.0,1.0,0.0,0.0,0.0,0.0,
926,1,0,0,2,1,2,1,3,2,25.0,0.5,1.0,0.0,0.0,1.0,
58,9,7,1,10,10,17,6,27,26,245.0,0.5882352941176471,3.9411764705882355,1.9377162629757783,1.2496031746031748,4.59375,
837,1,0,0,1,1,1,1,2,1,0.0,1.0,0.0,0.0,0.0,0.0,
467,5,2,2,3,7,5,6,12,11,245.0,1.4,4.6,1.8399999999999999,1.4833333333333332,1.0625,
1302,10,6,0,11,10,17,6,27,26,388.0,0.5882352941176471,3.588235294117647,2.59515570934256,1.635714285714286,5.03125,
416,1,0,0,2,1,2,1,3,2,9.0,0.5,1.0,0.0,0.0,1.0,
286,1,0,0,1,1,1,1,2,1,0.0,1.0,0.0,0.0,0.0,0.0,
798,1,0,1,2,2,2,2,4,3,98.0,1.0,1.5,0.25,0.5,1.0,
848,1,0,0,1,1,1,1,2,1,0.0,1.0,0.0,0.0,0.0,0.0,
948,1,0,0,1,1,1,1,2,1,0.0,1.0,0.0,0.0,0.0,0.0,
452,1,3,1,2,2,5,2,7,6,133.0,0.4,1.2,0.16000000000000006,0.5,2.5,
1314,2,0,0,4,2,4,2,6,5,54.0,0.5,1.25,0.1875,0.5,2.0,
947,1,2,0,0,1,2,1,3,2,11.0,0.5,1.0,0.0,0.0,1.0,
1276,6,1,0,5,6,6,5,12,11,109.0,1.0,3.0,1.6666666666666667,1.2833333333333332,2.15625,
724,7,2,1,7,8,9,4,17,16,247.0,0.8888888888888888,2.3333333333333335,1.3333333333333335,1.35,3.75,
1164,1,0,1,1,2,1,2,3,2,134.0,2.0,2.0,0.0,1.0,0.5,
1082,2,1,0,1,2,2,2,4,3,28.0,1.0,1.5,0.25,0.5,1.0,
490,9,8,0,9,9,17,7,26,25,300.0,0.5294117647058824,3.7058823529411766,2.795847750865053,1.4595238095238094,4.890625,
585,1,0,0,1,1,1,1,2,1,0.0,1.0,0.0,0.0,0.0,0.0,
399,1,0,0,1,1,1,1,2,1,0.0,1.0,0.0,0.0,0.0,0.0,
700,3,1,0,3,3,4,2,7,6,118.0,0.75,2.0,0.0,0.6666666666666666,2.0,
946,2,2,0,0,2,2,2,4,3,118.0,1.0,1.5,0.25,0.5,1.0,
258,2,1,2,3,4,4,3,8,7,171.0,1.0,1.75,0.6875,0.8333333333333333,1.875,
1169,1,2,1,3,2,5,2,7,6,163.0,0.4,1.2,0.16,0.5,2.5,
23,0,1,1,0,1,1,1,2,1,0.0,1.0,0.0,0.0,0.0,0.0,
668,0,1,1,0,1,1,1,2,1,0.0,1.0,0.0,0.0,0.0,0.0,
1268,3,3,0,6,3,9,3,12,11,99.0,0.3333333333333333,2.3333333333333335,0.6666666666666666,0.8333333333333333,3.875,
825,1,1,0,1,1,2,1,3,2,17.0,0.5,1.0,0.0,0.0,1.0,
535,1,0,0,1,1,1,1,2,1,0.0,1.0,0.0,0.0,0.0,0.0,
932,3,2,0,2,3,4,3,7,6,222.0,0.75,1.75,0.6875,0.8333333333333333,1.875,
213,6,4,2,3,8,7,5,15,14,206.0,1.1428571428571428,2.857142857142857,1.5510204081632655,1.4000000000000001,2.65625,
1088,1,0,0,1,1,1,1,2,1,0.0,1.0,0.0,0.0,0.0,0.0,
562,0,0,1,1,1,1,1,2,1,0.0,1.0,0.0,0.0,0.0,0.0,
1059,2,0,0,1,2,1,2,3,2,28.0,2.0,2.0,0.0,1.0,0.5,
1032,4,4,1,5,5,9,3,14,13,153.0,0.5555555555555556,1.7777777777777777,0.3950617283950617,1.0833333333333333,4.375,
1275,0,0,1,1,1,1,1,2,1,0.0,1.0,0.0,0.0,0.0,0.0,
1170,1,2,0,0,1,2,1,3,2,15.0,0.5,1.0,0.0,0.0,1.0,
838,3,1,0,4,3,5,3,8,7,137.0,0.6,2.0,0.8,0.8333333333333333,2.25,
295,1,0,0,1,1,1,1,2,1,0.0,1.0,0.0,0.0,0.0,0.0,
1097,0,0,1,1,1,1,1,2,1,0.0,1.0,0.0,0.0,0.0,0.0,
362,10,9,0,9,10,18,5,28,27,642.0,0.5555555555555556,3.0555555555555554,2.052469135802469,1.7666666666666668,6.375,
870,0,0,2,1,2,1,2,3,2,41.0,2.0,2.0,0.0,1.0,0.5,
530,0,1,1,0,1,1,1,2,1,0.0,1.0,0.0,0.0,0.0,0.0,
685,2,0,0,2,2,2,2,4,3,59.0,1.0,1.5,0.25,0.5,1.0,
449,1,0,0,1,1,1,1,2,1,0.0,1.0,0.0,0.0,0.0,0.0,
714,1,0,0,1,1,1,1,2,1,0.0,1.0,0.0,0.0,0.0,0.0,
908,1,0,0,1,1,1,1,2,1,0.0,1.0,0.0,0.0,0.0,0.0,
129,9,6,2,8,11,14,6,25,24,163.0,0.7857142857142857,4.571428571428571,1.2448979591836735,1.9666666666666668,2.9375,
1231,1,1,0,0,1,1,1,2,1,0.0,1.0,0.0,0.0,0.0,0.0,
564,0,0,1,1,1,1,1,2,1,0.0,1.0,0.0,0.0,0.0,0.0,
1299,1,1,0,0,1,1,1,2,1,0.0,1.0,0.0,0.0,0.0,0.0,
72,1,1,1,1,2,2,2,4,3,30.0,1.0,2.0,0.0,1.0,1.0,
1228,1,1,0,0,1,1,1,2,1,0.0,1.0,0.0,0.0,0.0,0.0,
344,2,1,0,3,2,4,2,6,5,25.0,0.5,1.25,0.1875,0.5,2.0,
957,1,1,0,1,1,2,1,3,2,0.0,0.5,1.0,0.0,0.0,1.0,
916,2,0,0,5,2,5,2,7,6,88.0,0.4,1.4,0.24,0.5,2.5,
277,1,0,0,2,1,2,1,3,2,12.0,0.5,1.0,0.0,0.0,1.0,
524,1,0,0,1,1,1,1,2,1,0.0,1.0,0.0,0.0,0.0,0.0,
659,4,1,3,2,7,3,6,10,9,380.0,2.3333333333333335,4.333333333333333,5.5555555555555545,1.2333333333333334,0.6875,
642,2,0,0,3,2,3,2,5,4,34.0,0.6666666666666666,2.0,0.0,1.0,1.5,
1107,7,5,0,5,7,10,4,17,16,254.0,0.7,2.9,0.6899999999999998,1.1833333333333333,3.75,
111,8,5,2,7,10,12,9,22,21,382.0,0.8333333333333334,5.166666666666667,5.8055555555555545,1.2912698412698411,2.587890625,
1158,0,1,1,0,1,1,1,2,1,0.0,1.0,0.0,0.0,0.0,0.0,
527,0,0,1,1,1,1,1,2,1,0.0,1.0,0.0,0.0,0.0,0.0,
1216,2,3,0,3,2,6,2,8,7,89.0,0.3333333333333333,1.6666666666666667,0.22222222222222224,0.5,3.0,
379,1,0,0,1,1,1,1,2,1,0.0,1.0,0.0,0.0,0.0,0.0,
500,1,1,0,0,1,1,1,2,1,0.0,1.0,0.0,0.0,0.0,0.0,
1100,4,1,0,4,4,5,3,9,8,142.0,0.8,2.4,0.24,0.8333333333333333,2.25,
252,1,0,0,1,1,1,1,2,1,0.0,1.0,0.0,0.0,0.0,0.0,
554,1,0,0,2,1,2,1,3,2,28.0,0.5,1.0,0.0,0.0,1.0,
1105,0,1,1,0,1,1,1,2,1,0.0,1.0,0.0,0.0,0.0,0.0,
1245,2,3,0,3,2,6,2,8,7,166.0,0.3333333333333333,1.1666666666666667,0.1388888888888889,0.5,3.0,
86,1,1,1,2,2,3,2,5,4,17.0,0.6666666666666666,1.3333333333333333,0.2222222222222222,0.5,1.5,
167,0,0,1,1,1,1,1,2,1,0.0,1.0,0.0,0.0,0.0,0.0,
621,2,0,0,3,2,3,2,5,4,30.0,0.6666666666666666,2.0,0.0,1.0,1.5,
754,1,1,1,1,2,2,2,4,3,23.0,1.0,1.5,0.25,0.5,1.0,
1078,2,0,0,1,2,1,2,3,2,23.0,2.0,2.0,0.0,1.0,0.5,
247,2,0,0,2,2,2,2,4,3,97.0,1.0,1.5,0.25,0.5,1.0,
954,1,2,0,0,1,2,1,3,2,29.0,0.5,1.0,0.0,0.0,1.0,
474,1,2,0,0,1,2,1,3,2,18.0,0.5,1.0,0.0,0.0,1.0,
396,1,1,1,0,2,1,2,3,2,54.0,2.0,2.0,0.0,1.0,0.5,
759,1,2,0,0,1,2,1,3,2,44.0,0.5,1.0,0.0,0.0,1.0,
692,1,1,0,0,1,1,1,2,1,0.0,1.0,0.0,0.0,0.0,0.0,
1247,1,1,0,1,1,2,1,3,2,122.0,0.5,1.0,0.0,0.0,1.0,
721,1,1,0,0,1,1,1,2,1,0.0,1.0,0.0,0.0,0.0,0.0,
265,1,0,0,1,1,1,1,2,1,0.0,1.0,0.0,0.0,0.0,0.0,
484,0,0,1,2,1,2,1,3,2,68.0,0.5,1.0,0.0,0.0,1.0,
1123,1,1,0,0,1,1,1,2,1,0.0,1.0,0.0,0.0,0.0,0.0,
322,6,1,1,8,7,9,5,16,15,321.0,0.7777777777777778,5.0,0.0,1.4833333333333332,1.40625,
566,1,0,0,1,1,1,1,2,1,0.0,1.0,0.0,0.0,0.0,0.0,
92,2,3,1,5,3,8,3,11,10,188.0,0.375,2.375,0.484375,0.8333333333333333,3.5,
808,1,0,0,1,1,1,1,2,1,0.0,1.0,0.0,0.0,0.0,0.0,
534,1,0,0,2,1,2,1,3,2,1.0,0.5,1.0,0.0,0.0,1.0,
736,1,1,0,0,1,1,1,2,1,0.0,1.0,0.0,0.0,0.0,0.0,
90,17,12,3,13,20,25,8,45,44,130.0,0.8,4.0,3.2,2.2147546897546904,6.921875,
105,2,2,1,3,3,5,3,8,7,41.0,0.6,2.2,0.15999999999999998,1.0,2.375,
1001,1,1,0,1,1,2,1,3,2,9.0,0.5,1.0,0.0,0.0,1.0,
1115,1,1,0,1,1,2,1,3,2,124.0,0.5,1.0,0.0,0.0,1.0,
1129,1,2,0,3,1,5,1,6,5,323.0,0.2,1.0,0.0,0.0,2.5,
592,1,0,0,1,1,1,1,2,1,0.0,1.0,0.0,0.0,0.0,0.0,
1118,2,2,0,1,2,3,2,5,4,51.0,0.6666666666666666,1.3333333333333333,0.2222222222222222,0.5,1.5,
1223,1,1,0,0,1,1,1,2,1,0.0,1.0,0.0,0.0,0.0,0.0,
701,1,0,0,1,1,1,1,2,1,0.0,1.0,0.0,0.0,0.0,0.0,
360,2,1,0,2,2,3,2,5,4,115.0,0.6666666666666666,1.6666666666666667,0.2222222222222222,0.5,1.5,
443,1,3,0,1,1,4,1,5,4,71.0,0.25,1.0,0.0,0.0,2.0,
201,1,0,1,1,2,1,2,3,2,86.0,2.0,2.0,0.0,1.0,0.5,
743,1,1,0,0,1,1,1,2,1,0.0,1.0,0.0,0.0,0.0,0.0,
1168,1,1,0,0,1,1,1,2,1,0.0,1.0,0.0,0.0,0.0,0.0,
623,1,1,0,1,1,2,1,3,2,44.0,0.5,1.0,0.0,0.0,1.0,
1263,1,0,1,2,2,2,2,4,3,71.0,1.0,2.0,0.0,1.0,1.0,
45,2,2,1,2,3,4,3,7,6,56.0,0.75,2.25,0.6875,0.8333333333333333,1.75,
1175,13,7,2,10,15,17,8,32,31,473.0,0.8823529411764706,4.470588235294118,5.660899653979239,1.7702380952380952,4.28125,
939,2,1,1,3,3,4,3,7,6,141.0,0.75,2.0,0.5,0.8333333333333333,1.875,
806,0,0,1,1,1,1,1,2,1,0.0,1.0,0.0,0.0,0.0,0.0,
732,1,0,0,1,1,1,1,2,1,0.0,1.0,0.0,0.0,0.0,0.0,
745,1,1,0,0,1,1,1,2,1,0.0,1.0,0.0,0.0,0.0,0.0,
1034,2,1,0,2,2,3,2,5,4,137.0,0.6666666666666666,1.6666666666666667,0.2222222222222222,0.5,1.5,
941,1,2,0,1,1,3,1,4,3,23.0,0.3333333333333333,1.0,0.0,0.0,1.5,
12,0,0,1,1,1,1,1,2,1,0.0,1.0,0.0,0.0,0.0,0.0,
519,1,1,0,1,1,2,1,3,2,102.0,0.5,1.0,0.0,0.0,1.0,
1160,1,1,0,0,1,1,1,2,1,0.0,1.0,0.0,0.0,0.0,0.0,
573,11,5,0,17,11,22,5,33,32,762.0,0.5,3.5454545454545454,0.884297520661157,2.4333333333333336,6.75,
347,1,1,1,0,2,1,2,3,2,6.0,2.0,2.0,0.0,1.0,0.5,
476,2,0,2,1,4,1,4,5,4,57.0,4.0,4.0,0.0,1.8333333333333333,0.25,
545,3,3,1,2,4,5,3,9,8,181.0,0.8,3.0,0.0,1.1666666666666665,1.875,
981,15,3,1,8,16,11,7,27,26,182.0,1.4545454545454546,5.2727272727272725,1.6528925619834711,2.298809523809523,1.734375,
555,1,0,0,1,1,1,1,2,1,0.0,1.0,0.0,0.0,0.0,0.0,
454,0,0,1,1,1,1,1,2,1,0.0,1.0,0.0,0.0,0.0,0.0,
1101,0,0,1,1,1,1,1,2,1,0.0,1.0,0.0,0.0,0.0,0.0,
499,1,0,0,1,1,1,1,2,1,0.0,1.0,0.0,0.0,0.0,0.0,
479,2,0,0,1,2,1,2,3,2,39.0,2.0,2.0,0.0,1.0,0.5,
877,1,1,0,1,1,2,1,3,2,18.0,0.5,1.0,0.0,0.0,1.0,
1148,1,0,0,1,1,1,1,2,1,0.0,1.0,0.0,0.0,0.0,0.0,
666,0,0,1,1,1,1,1,2,1,0.0,1.0,0.0,0.0,0.0,0.0,
995,1,0,0,1,1,1,1,2,1,0.0,1.0,0.0,0.0,0.0,0.0,
1240,2,1,0,1,2,2,2,4,3,41.0,1.0,1.5,0.25,0.5,1.0,
702,1,0,0,1,1,1,1,2,1,0.0,1.0,0.0,0.0,0.0,0.0,
87,8,10,1,6,9,16,6,25,24,120.0,0.5625,3.4375,2.12109375,1.5999999999999999,5.40625,
610,2,1,0,3,2,4,2,6,5,198.0,0.5,1.25,0.1875,0.5,2.0,
667,1,0,0,1,1,1,1,2,1,0.0,1.0,0.0,0.0,0.0,0.0,
943,1,1,0,0,1,1,1,2,1,0.0,1.0,0.0,0.0,0.0,0.0,
1065,1,1,0,1,1,2,1,3,2,3.0,0.5,1.0,0.0,0.0,1.0,
583,1,1,0,1,1,2,1,3,2,10.0,0.5,1.0,0.0,0.0,1.0,
77,3,4,1,1,4,5,3,9,8,67.0,0.8,2.0,0.4,0.8333333333333333,2.375,
786,2,2,0,1,2,3,2,5,4,90.0,0.6666666666666666,2.0,0.0,1.0,1.5,
999,2,2,0,2,2,4,2,6,5,85.0,0.5,1.5,0.25,0.5,2.0,
1180,8,6,2,12,10,18,8,28,27,276.0,0.5555555555555556,3.6666666666666665,4.4444444444444455,1.3329365079365079,5.609375,
1309,1,0,0,1,1,1,1,2,1,0.0,1.0,0.0,0.0,0.0,0.0,
651,1,2,0,0,1,2,1,3,2,5.0,0.5,1.0,0.0,0.0,1.0,
652,1,1,0,0,1,1,1,2,1,0.0,1.0,0.0,0.0,0.0,0.0,
1121,1,0,0,1,1,1,1,2,1,0.0,1.0,0.0,0.0,0.0,0.0,
888,0,0,1,1,1,1,1,2,1,0.0,1.0,0.0,0.0,0.0,0.0,
1045,6,4,0,12,6,16,4,22,21,539.0,0.375,2.375,0.734375,1.2333333333333332,7.0,
504,2,0,0,1,2,1,2,3,2,10.0,2.0,2.0,0.0,1.0,0.5,
264,1,0,0,1,1,1,1,2,1,0.0,1.0,0.0,0.0,0.0,0.0,
662,6,7,1,12,7,19,4,26,25,339.0,0.3684210526315789,2.473684210526316,0.4598337950138506,1.1833333333333333,8.375,
1003,2,0,0,1,2,1,2,3,2,26.0,2.0,2.0,0.0,1.0,0.5,
964,7,1,1,4,8,5,8,13,12,254.0,1.6,6.4,0.6399999999999999,1.926190476190476,0.40625,
1238,2,1,0,1,2,2,2,4,3,55.0,1.0,1.5,0.25,0.5,1.0,
689,1,0,0,1,1,1,1,2,1,0.0,1.0,0.0,0.0,0.0,0.0,
550,9,3,0,4,9,7,8,16,15,424.0,1.2857142857142858,4.714285714285714,6.775510204081633,1.4119047619047618,1.8671875,
522,2,0,0,2,2,2,2,4,3,146.0,1.0,1.5,0.25,0.5,1.0,
853,1,1,0,0,1,1,1,2,1,0.0,1.0,0.0,0.0,0.0,0.0,
603,5,1,0,6,5,7,5,12,11,234.0,0.7142857142857143,3.4285714285714284,2.5306122448979593,1.0333333333333332,2.21875,
966,1,0,1,1,2,1,2,3,2,13.0,2.0,2.0,0.0,1.0,0.5,
1025,6,3,0,3,6,6,4,12,11,78.0,1.0,2.5,0.9166666666666666,0.9833333333333333,2.5,
688,2,1,1,1,3,2,3,5,4,43.0,1.5,2.5,0.25,1.0,0.875,
435,1,0,0,2,1,2,1,3,2,18.0,0.5,1.0,0.0,0.0,1.0,
1202,7,5,2,4,9,9,7,18,17,348.0,1.0,4.333333333333333,4.222222222222222,1.4595238095238097,2.0859375,
146,1,1,1,1,2,2,2,4,3,27.0,1.0,1.5,0.25,0.5,1.0,
489,5,5,1,5,6,10,4,16,15,330.0,0.6,2.8,0.5599999999999999,1.4166666666666665,4.0,
43,5,0,1,2,6,2,6,8,7,27.0,3.0,3.5,6.25,1.0666666666666667,0.59375,
409,2,0,0,1,2,1,2,3,2,30.0,2.0,2.0,0.0,1.0,0.5,
985,1,0,0,1,1,1,1,2,1,0.0,1.0,0.0,0.0,0.0,0.0,
1303,3,1,1,3,4,4,2,8,7,260.0,1.0,2.0,0.0,1.0,2.0,
976,2,2,0,1,2,3,2,5,4,98.0,0.6666666666666666,1.3333333333333333,0.2222222222222222,0.5,1.5,
807,1,2,0,0,1,2,1,3,2,73.0,0.5,1.0,0.0,0.0,1.0,
1012,8,5,2,9,10,14,4,24,23,416.0,0.7142857142857143,2.2142857142857144,1.4540816326530612,1.5047619047619045,6.0,
13,8,10,2,8,10,18,4,28,27,299.0,0.5555555555555556,2.388888888888889,0.6820987654320987,1.7499999999999998,7.75,
104,6,3,2,9,8,12,5,20,19,163.0,0.6666666666666666,3.3333333333333335,1.0555555555555556,1.7333333333333332,4.0625,
696,2,0,0,1,2,1,2,3,2,19.0,2.0,2.0,0.0,1.0,0.5,
913,3,0,0,4,3,4,3,7,6,189.0,0.75,2.0,0.5,0.8333333333333333,1.875,
1284,10,6,0,7,10,13,5,23,22,270.0,0.7692307692307693,2.923076923076923,0.9940828402366866,1.3785714285714286,4.90625,
333,1,1,0,1,1,2,1,3,2,35.0,0.5,1.0,0.0,0.0,1.0,
239,2,1,0,2,2,3,2,5,4,51.0,0.6666666666666666,1.3333333333333333,0.2222222222222222,0.5,1.5,
590,1,0,0,1,1,1,1,2,1,0.0,1.0,0.0,0.0,0.0,0.0,
465,0,0,1,1,1,1,1,2,1,0.0,1.0,0.0,0.0,0.0,0.0,
1126,1,1,0,1,1,2,1,3,2,38.0,0.5,1.0,0.0,0.0,1.0,
772,4,2,0,2,4,4,3,8,7,135.0,1.0,2.0,0.5,0.8333333333333333,1.875,
466,1,1,0,0,1,1,1,2,1,0.0,1.0,0.0,0.0,0.0,0.0,
1301,1,1,0,1,1,2,1,3,2,44.0,0.5,1.0,0.0,0.0,1.0,
835,6,4,0,7,6,11,5,17,16,168.0,0.5454545454545454,3.0,2.0,1.2833333333333332,3.8125,
283,0,1,1,0,1,1,1,2,1,0.0,1.0,0.0,0.0,0.0,0.0,
1286,4,1,0,2,4,3,3,7,6,70.0,1.3333333333333333,2.0,0.6666666666666666,0.8333333333333333,1.375,
1055,0,1,1,0,1,1,1,2,1,0.0,1.0,0.0,0.0,0.0,0.0,
197,0,0,1,1,1,1,1,2,1,0.0,1.0,0.0,0.0,0.0,0.0,
644,1,0,0,1,1,1,1,2,1,0.0,1.0,0.0,0.0,0.0,0.0,
1173,1,1,0,1,1,2,1,3,2,1.0,0.5,1.0,0.0,0.0,1.0,
739,2,2,0,4,2,6,2,8,7,121.0,0.3333333333333333,1.1666666666666667,0.13888888888888887,0.5,3.0,
551,1,1,0,3,1,4,1,5,4,84.0,0.25,1.0,0.0,0.0,2.0,
266,0,0,1,1,1,1,1,2,1,0.0,1.0,0.0,0.0,0.0,0.0,
865,3,2,0,1,3,3,2,6,5,41.0,1.0,1.6666666666666667,0.2222222222222222,0.6666666666666666,1.5,
1076,1,1,0,0,1,1,1,2,1,0.0,1.0,0.0,0.0,0.0,0.0,
68,10,5,1,13,11,18,5,29,28,285.0,0.6111111111111112,3.2777777777777777,1.0895061728395061,2.2333333333333334,6.21875,
1017,1,0,0,1,1,1,1,2,1,0.0,1.0,0.0,0.0,0.0,0.0,
184,1,0,1,1,2,1,2,3,2,46.0,2.0,2.0,0.0,1.0,0.5,
538,1,1,1,2,2,3,2,5,4,52.0,0.6666666666666666,1.3333333333333333,0.2222222222222222,0.5,1.5,
74,0,1,1,0,1,1,1,2,1,0.0,1.0,0.0,0.0,0.0,0.0,
967,1,1,1,0,2,1,2,3,2,27.0,2.0,2.0,0.0,1.0,0.5,
1201,6,6,2,10,8,16,5,24,23,290.0,0.5,2.8125,1.40234375,1.269047619047619,6.34375,
365,3,4,0,2,3,6,3,9,8,264.0,0.5,1.6666666666666667,0.5555555555555557,0.8333333333333333,2.875,
279,0,0,1,1,1,1,1,2,1,0.0,1.0,0.0,0.0,0.0,0.0,
34,9,3,3,7,12,10,8,22,21,190.0,1.2,4.3,4.21,1.7690476190476192,2.71875,
255,1,0,0,3,1,3,1,4,3,79.0,0.3333333333333333,1.0,0.0,0.0,1.5,
194,2,0,1,3,3,3,3,6,5,41.0,1.0,2.3333333333333335,0.22222222222222224,1.0,1.375,
507,3,1,0,0,3,1,3,4,3,215.0,3.0,3.0,0.0,1.5,0.375,
309,0,1,1,0,1,1,1,2,1,0.0,1.0,0.0,0.0,0.0,0.0,
537,2,0,0,2,2,2,2,4,3,40.0,1.0,1.5,0.25,0.5,1.0,
1312,5,0,0,8,5,8,5,13,12,281.0,0.625,3.25,1.9375,1.1666666666666665,2.84375,
671,1,1,0,1,1,2,1,3,2,26.0,0.5,1.0,0.0,0.0,1.0,
757,1,1,0,0,1,1,1,2,1,0.0,1.0,0.0,0.0,0.0,0.0,
597,2,0,0,1,2,1,2,3,2,52.0,2.0,2.0,0.0,1.0,0.5,
854,0,1,1,0,1,1,1,2,1,0.0,1.0,0.0,0.0,0.0,0.0,
106,4,0,1,4,5,4,4,9,8,71.0,1.25,3.75,0.1875,1.4999999999999998,1.125,
1151,2,2,1,0,3,2,3,5,4,91.0,1.5,2.0,1.0,0.8333333333333333,0.875,
1098,0,0,1,1,1,1,1,2,1,0.0,1.0,0.0,0.0,0.0,0.0,
847,1,1,0,1,1,2,1,3,2,34.0,0.5,1.0,0.0,0.0,1.0,
148,0,1,1,0,1,1,1,2,1,0.0,1.0,0.0,0.0,0.0,0.0,
307,1,1,0,2,1,3,1,4,3,85.0,0.3333333333333333,1.0,0.0,0.0,1.5,
402,1,1,0,1,1,2,1,3,2,5.0,0.5,1.0,0.0,0.0,1.0,
840,1,3,0,0,1,3,1,4,3,25.0,0.3333333333333333,1.0,0.0,0.0,1.5,
1174,2,4,1,2,3,6,3,9,8,117.0,0.5,2.0,0.6666666666666666,0.8333333333333333,2.75,
1056,4,4,0,2,4,6,4,10,9,136.0,0.6666666666666666,2.1666666666666665,1.1388888888888888,0.9166666666666665,2.625,
188,0,0,1,1,1,1,1,2,1,0.0,1.0,0.0,0.0,0.0,0.0,
178,3,0,1,3,4,3,4,7,6,92.0,1.3333333333333333,3.0,0.6666666666666666,1.1666666666666665,1.125,
1145,5,6,1,3,6,9,5,15,14,127.0,0.6666666666666666,3.0,1.7777777777777777,1.2333333333333332,3.3125,
862,1,1,0,0,1,1,1,2,1,0.0,1.0,0.0,0.0,0.0,0.0,
607,3,3,0,3,3,6,3,9,8,119.0,0.5,1.6666666666666667,0.5555555555555556,0.8333333333333333,2.875,
157,6,3,1,8,7,11,4,18,17,136.0,0.6363636363636364,2.6363636363636362,0.7768595041322315,1.1833333333333333,4.5,
404,1,0,1,1,2,1,2,3,2,53.0,2.0,2.0,0.0,1.0,0.5,
821,3,0,0,3,3,3,3,6,5,188.0,1.0,1.6666666666666667,0.888888888888889,0.8333333333333333,1.375,
1215,3,3,0,3,3,6,3,9,8,131.0,0.5,2.0,0.6666666666666666,0.8333333333333333,2.75,
436,1,0,0,1,1,1,1,2,1,0.0,1.0,0.0,0.0,0.0,0.0,
784,1,0,0,1,1,1,1,2,1,0.0,1.0,0.0,0.0,0.0,0.0,
153,0,0,1,1,1,1,1,2,1,0.0,1.0,0.0,0.0,0.0,0.0,
211,1,0,0,1,1,1,1,2,1,0.0,1.0,0.0,0.0,0.0,0.0,
1253,2,1,0,1,2,2,2,4,3,42.0,1.0,2.0,0.0,1.0,1.0,
863,1,0,0,1,1,1,1,2,1,0.0,1.0,0.0,0.0,0.0,0.0,
158,1,0,1,1,2,1,2,3,2,19.0,2.0,2.0,0.0,1.0,0.5,
779,8,3,0,3,8,6,4,14,13,161.0,1.3333333333333333,2.6666666666666665,0.888888888888889,1.3833333333333333,2.375,
212,0,0,1,1,1,1,1,2,1,0.0,1.0,0.0,0.0,0.0,0.0,
694,2,0,0,1,2,1,2,3,2,27.0,2.0,2.0,0.0,1.0,0.5,
1289,1,0,0,1,1,1,1,2,1,0.0,1.0,0.0,0.0,0.0,0.0,
48,14,16,2,20,16,36,7,52,51,403.0,0.4444444444444444,3.75,1.9097222222222223,1.8384920634920636,10.8046875,
675,1,0,0,1,1,1,1,2,1,0.0,1.0,0.0,0.0,0.0,0.0,
340,16,9,4,25,20,34,5,54,53,461.0,0.5882352941176471,2.6176470588235294,1.000865051903114,2.896428571428572,13.90625,
1259,1,2,0,3,1,5,1,6,5,45.0,0.2,1.0,0.0,0.0,2.5,
796,1,2,0,1,1,3,1,4,3,21.0,0.3333333333333333,1.0,0.0,0.0,1.5,
828,0,1,1,1,1,2,1,3,2,109.0,0.5,1.0,0.0,0.0,1.0,
352,1,1,0,1,1,2,1,3,2,34.0,0.5,1.0,0.0,0.0,1.0,
226,1,0,1,1,2,1,2,3,2,39.0,2.0,2.0,0.0,1.0,0.5,
274,1,1,0,0,1,1,1,2,1,0.0,1.0,0.0,0.0,0.0,0.0,
110,31,18,5,33,36,51,7,87,86,376.0,0.7058823529411765,3.5098039215686274,1.3087274125336399,3.9977633477633483,16.0546875,
1279,1,0,1,1,2,1,2,3,2,9.0,2.0,2.0,0.0,1.0,0.5,
1030,1,1,0,1,1,2,1,3,2,16.0,0.5,1.0,0.0,0.0,1.0,
297,3,3,0,4,3,7,3,10,9,205.0,0.42857142857142855,1.4285714285714286,0.5306122448979592,0.8333333333333333,3.375,
588,1,1,0,0,1,1,1,2,1,0.0,1.0,0.0,0.0,0.0,0.0,
302,1,2,1,4,2,6,2,8,7,117.0,0.3333333333333333,1.6666666666666667,0.2222222222222222,0.5,3.0,
989,3,0,1,2,4,2,4,6,5,115.0,2.0,2.5,2.25,0.9166666666666666,0.75,
66,0,1,1,1,1,2,1,3,2,14.0,0.5,1.0,0.0,0.0,1.0,
1227,1,1,0,2,1,3,1,4,3,123.0,0.3333333333333333,1.0,0.0,0.0,1.5,
1033,1,1,0,1,1,2,1,3,2,10.0,0.5,1.0,0.0,0.0,1.0,
824,1,1,0,0,1,1,1,2,1,0.0,1.0,0.0,0.0,0.0,0.0,
783,0,1,1,0,1,1,1,2,1,0.0,1.0,0.0,0.0,0.0,0.0,
1039,2,1,0,2,2,3,2,5,4,62.0,0.6666666666666666,1.6666666666666667,0.2222222222222222,0.5,1.5,
880,1,1,1,0,2,1,2,3,2,1.0,2.0,2.0,0.0,1.0,0.5,
1077,1,0,0,2,1,2,1,3,2,13.0,0.5,1.0,0.0,0.0,1.0,
1005,1,0,0,1,1,1,1,2,1,0.0,1.0,0.0,0.0,0.0,0.0,
771,10,5,1,12,11,17,5,28,27,242.0,0.6470588235294118,2.823529411764706,1.439446366782007,1.7119047619047618,6.71875,
228,1,0,1,1,2,1,2,3,2,64.0,2.0,2.0,0.0,1.0,0.5,
79,8,5,3,12,11,17,6,28,27,204.0,0.6470588235294118,2.6470588235294117,1.28719723183391,1.3924603174603174,7.09375,
125,0,0,1,1,1,1,1,2,1,0.0,1.0,0.0,0.0,0.0,0.0,
775,1,0,0,1,1,1,1,2,1,0.0,1.0,0.0,0.0,0.0,0.0,
874,0,0,1,1,1,1,1,2,1,0.0,1.0,0.0,0.0,0.0,0.0,
1226,1,0,0,1,1,1,1,2,1,0.0,1.0,0.0,0.0,0.0,0.0,
735,0,1,1,0,1,1,1,2,1,0.0,1.0,0.0,0.0,0.0,0.0,
450,3,0,0,2,3,2,3,5,4,82.0,1.5,2.0,1.0,0.8333333333333333,0.875,
1248,0,0,1,1,1,1,1,2,1,0.0,1.0,0.0,0.0,0.0,0.0,
855,2,0,0,1,2,1,2,3,2,19.0,2.0,2.0,0.0,1.0,0.5,
1319,3,1,0,2,3,3,3,6,5,49.0,1.0,2.0,0.6666666666666666,0.8333333333333333,1.375,
422,1,0,0,1,1,1,1,2,1,0.0,1.0,0.0,0.0,0.0,0.0,
1047,1,1,0,0,1,1,1,2,1,0.0,1.0,0.0,0.0,0.0,0.0,
208,3,0,1,2,4,2,4,6,5,69.0,2.0,3.0,1.0,1.1666666666666665,0.75,
1294,9,3,0,10,9,13,5,22,21,275.0,0.6923076923076923,2.4615384615384617,1.479289940828402,1.4119047619047618,5.5625,
933,2,1,1,0,3,1,3,4,3,26.0,3.0,3.0,0.0,1.5,0.375,
199,0,0,1,1,1,1,1,2,1,0.0,1.0,0.0,0.0,0.0,0.0,
748,1,0,0,1,1,1,1,2,1,0.0,1.0,0.0,0.0,0.0,0.0,
372,1,0,0,1,1,1,1,2,1,0.0,1.0,0.0,0.0,0.0,0.0,
709,10,7,0,11,10,18,4,28,27,410.0,0.5555555555555556,2.3333333333333335,0.8888888888888888,1.7500000000000002,7.75,
595,1,0,0,1,1,1,1,2,1,0.0,1.0,0.0,0.0,0.0,0.0,
432,2,1,0,3,2,4,2,6,5,131.0,0.5,1.25,0.1875,0.5,2.0,
657,1,1,0,2,1,3,1,4,3,68.0,0.3333333333333333,1.0,0.0,0.0,1.5,
375,1,0,1,1,2,1,2,3,2,4.0,2.0,2.0,0.0,1.0,0.5,
130,5,2,1,1,6,3,4,9,8,33.0,2.0,4.0,0.0,1.2333333333333334,0.75,
99,6,8,2,10,8,18,5,26,25,358.0,0.4444444444444444,2.7777777777777777,1.1728395061728394,1.633333333333333,7.1875,
624,1,0,0,2,1,2,1,3,2,16.0,0.5,1.0,0.0,0.0,1.0,
565,1,2,0,1,1,3,1,4,3,72.0,0.3333333333333333,1.0,0.0,0.0,1.5,
1089,1,1,0,1,1,2,1,3,2,5.0,0.5,1.0,0.0,0.0,1.0,
473,5,3,0,4,5,7,3,12,11,106.0,0.7142857142857143,1.8571428571428572,0.4081632653061224,1.0833333333333333,3.375,
367,4,3,0,5,4,8,3,12,11,180.0,0.5,2.0,0.5,1.1666666666666665,3.75,
1074,1,0,0,3,1,3,1,4,3,48.0,0.3333333333333333,1.0,0.0,0.0,1.5,
205,4,1,2,6,6,7,4,13,12,206.0,0.8571428571428571,2.0,1.1428571428571428,0.9833333333333334,3.125,
752,6,3,0,8,6,11,5,17,16,172.0,0.5454545454545454,2.909090909090909,3.7190082644628095,1.2333333333333334,3.78125,
459,1,0,0,1,1,1,1,2,1,0.0,1.0,0.0,0.0,0.0,0.0,
578,1,0,0,1,1,1,1,2,1,0.0,1.0,0.0,0.0,0.0,0.0,
505,1,1,0,0,1,1,1,2,1,0.0,1.0,0.0,0.0,0.0,0.0,
1203,2,4,0,4,2,8,2,10,9,96.0,0.25,1.625,0.234375,0.5,4.0,
887,2,3,0,1,2,4,2,6,5,44.0,0.5,1.25,0.1875,0.5,2.0,
471,0,0,1,1,1,1,1,2,1,0.0,1.0,0.0,0.0,0.0,0.0,
768,0,0,1,1,1,1,1,2,1,0.0,1.0,0.0,0.0,0.0,0.0,
346,0,1,1,1,1,2,1,3,2,0.0,0.5,1.0,0.0,0.0,1.0,
170,25,11,5,22,30,33,9,63,62,295.0,0.9090909090909091,5.757575757575758,4.062442607897156,2.650693750693751,5.025390625,
1026,1,0,0,1,1,1,1,2,1,0.0,1.0,0.0,0.0,0.0,0.0,
817,3,1,1,4,4,5,4,9,8,113.0,0.8,2.8,0.96,0.9166666666666665,1.875,
761,1,0,1,1,2,1,2,3,2,19.0,2.0,2.0,0.0,1.0,0.5,
134,1,0,1,1,2,1,2,3,2,13.0,2.0,2.0,0.0,1.0,0.5,
1054,1,2,0,0,1,2,1,3,2,2.0,0.5,1.0,0.0,0.0,1.0,
353,1,1,1,1,2,2,2,4,3,62.0,1.0,2.0,0.0,1.0,1.0,
202,1,0,1,2,2,2,2,4,3,2.0,1.0,2.0,0.0,1.0,1.0,
962,1,0,0,1,1,1,1,2,1,0.0,1.0,0.0,0.0,0.0,0.0,
503,1,1,0,0,1,1,1,2,1,0.0,1.0,0.0,0.0,0.0,0.0,
381,1,0,0,1,1,1,1,2,1,0.0,1.0,0.0,0.0,0.0,0.0,
990,1,0,0,1,1,1,1,2,1,0.0,1.0,0.0,0.0,0.0,0.0,
1191,3,1,0,4,3,5,3,8,7,141.0,0.6,1.6,0.64,0.8333333333333333,2.375,
1208,1,0,1,1,2,1,2,3,2,234.0,2.0,2.0,0.0,1.0,0.5,
179,0,0,1,1,1,1,1,2,1,0.0,1.0,0.0,0.0,0.0,0.0,
1165,1,0,0,1,1,1,1,2,1,0.0,1.0,0.0,0.0,0.0,0.0,
388,2,1,0,2,2,3,2,5,4,74.0,0.6666666666666666,1.6666666666666667,0.2222222222222222,0.5,1.5,
135,2,2,1,3,3,5,3,8,7,43.0,0.6,1.4,0.6400000000000002,0.8333333333333333,2.375,
1206,1,0,0,1,1,1,1,2,1,0.0,1.0,0.0,0.0,0.0,0.0,
1278,8,7,1,7,9,14,5,23,22,252.0,0.6428571428571429,2.7142857142857144,2.204081632653061,1.4690476190476192,5.1875,
1086,2,1,0,2,2,3,2,5,4,21.0,0.6666666666666666,1.6666666666666667,0.2222222222222222,0.5,1.5,
869,1,1,0,0,1,1,1,2,1,0.0,1.0,0.0,0.0,0.0,0.0,
769,2,1,1,0,3,1,3,4,3,51.0,3.0,3.0,0.0,1.5,0.375,
875,1,1,0,0,1,1,1,2,1,0.0,1.0,0.0,0.0,0.0,0.0,
475,1,2,0,2,1,4,1,5,4,31.0,0.25,1.0,0.0,0.0,2.0,
1316,1,2,0,0,1,2,1,3,2,5.0,0.5,1.0,0.0,0.0,1.0,
1250,1,0,0,1,1,1,1,2,1,0.0,1.0,0.0,0.0,0.0,0.0,
1014,1,0,0,1,1,1,1,2,1,0.0,1.0,0.0,0.0,0.0,0.0,
1254,1,0,0,2,1,2,1,3,2,16.0,0.5,1.0,0.0,0.0,1.0,
364,1,0,0,2,1,2,1,3,2,0.0,0.5,1.0,0.0,0.0,1.0,
234,4,2,1,3,5,5,5,10,9,98.0,1.0,3.6,1.8400000000000003,1.1666666666666665,1.5625,
677,1,0,0,1,1,1,1,2,1,0.0,1.0,0.0,0.0,0.0,0.0,
778,1,0,0,1,1,1,1,2,1,0.0,1.0,0.0,0.0,0.0,0.0,
1311,0,0,1,1,1,1,1,2,1,0.0,1.0,0.0,0.0,0.0,0.0,
574,6,5,0,10,6,15,5,21,20,237.0,0.4,2.7333333333333334,1.6622222222222218,1.0333333333333332,5.78125,
1292,1,0,0,1,1,1,1,2,1,0.0,1.0,0.0,0.0,0.0,0.0,
231,0,0,1,1,1,1,1,2,1,0.0,1.0,0.0,0.0,0.0,0.0,
1241,6,2,0,5,6,7,6,13,12,242.0,0.8571428571428571,2.2857142857142856,2.489795918367346,1.0666666666666667,3.09375,
81,2,1,1,3,3,4,3,7,6,51.0,0.75,2.75,0.1875,1.0,1.625,
370,2,0,0,2,2,2,2,4,3,8.0,1.0,1.5,0.25,0.5,1.0,
115,0,0,1,1,1,1,1,2,1,0.0,1.0,0.0,0.0,0.0,0.0,
605,1,1,0,1,1,2,1,3,2,4.0,0.5,1.0,0.0,0.0,1.0,
248,1,0,1,2,2,2,2,4,3,33.0,1.0,2.0,0.0,1.0,1.0,
1219,3,5,0,2,3,7,2,10,9,163.0,0.42857142857142855,1.2857142857142858,0.20408163265306126,0.6666666666666666,3.5,
241,3,0,1,4,4,4,3,8,7,185.0,1.0,2.5,0.25,1.1666666666666665,1.75,
33,5,5,2,4,7,9,4,16,15,298.0,0.7777777777777778,3.111111111111111,0.54320987654321,1.6666666666666665,3.25,
190,0,1,1,0,1,1,1,2,1,0.0,1.0,0.0,0.0,0.0,0.0,
760,3,3,0,2,3,5,2,8,7,90.0,0.6,2.0,0.0,0.6666666666666666,2.5,
21,14,5,4,14,18,19,7,37,36,219.0,0.9473684210526315,4.315789473684211,2.742382271468144,2.1424603174603174,4.6484375,
619,3,3,1,4,4,7,3,11,10,181.0,0.5714285714285714,1.5714285714285714,0.5306122448979591,0.8333333333333333,3.375,
300,3,1,0,2,3,3,3,6,5,58.0,1.0,2.3333333333333335,0.22222222222222224,1.0,1.375,
1119,0,1,1,0,1,1,1,2,1,0.0,1.0,0.0,0.0,0.0,0.0,
203,3,3,1,1,4,4,4,8,7,123.0,1.0,2.75,0.6875,1.1666666666666665,1.625,
54,0,0,1,1,1,1,1,2,1,0.0,1.0,0.0,0.0,0.0,0.0,
240,1,1,1,1,2,2,2,4,3,6.0,1.0,2.0,0.0,1.0,1.0,
1072,1,1,0,0,1,1,1,2,1,0.0,1.0,0.0,0.0,0.0,0.0,
1081,1,0,0,2,1,2,1,3,2,40.0,0.5,1.0,0.0,0.0,1.0,
251,1,1,1,1,2,2,2,4,3,46.0,1.0,2.0,0.0,1.0,1.0,
237,0,0,1,1,1,1,1,2,1,0.0,1.0,0.0,0.0,0.0,0.0,
1079,1,1,0,0,1,1,1,2,1,0.0,1.0,0.0,0.0,0.0,0.0,
975,5,3,0,3,5,6,3,11,10,167.0,0.8333333333333334,2.5,0.25,1.0833333333333333,2.625,
383,13,12,1,18,14,30,7,44,43,277.0,0.4666666666666667,3.5,2.716666666666667,1.7912698412698413,9.7265625,
238,1,1,0,1,1,2,1,3,2,0.0,0.5,1.0,0.0,0.0,1.0,
1184,0,0,1,1,1,1,1,2,1,0.0,1.0,0.0,0.0,0.0,0.0,
969,1,1,0,0,1,1,1,2,1,0.0,1.0,0.0,0.0,0.0,0.0,
1260,1,2,0,1,1,3,1,4,3,13.0,0.3333333333333333,1.0,0.0,0.0,1.5,
1181,0,1,1,0,1,1,1,2,1,0.0,1.0,0.0,0.0,0.0,0.0,
582,1,0,0,2,1,2,1,3,2,8.0,0.5,1.0,0.0,0.0,1.0,
682,0,1,1,0,1,1,1,2,1,0.0,1.0,0.0,0.0,0.0,0.0,
1177,0,1,1,0,1,1,1,2,1,0.0,1.0,0.0,0.0,0.0,0.0,
665,1,0,0,1,1,1,1,2,1,0.0,1.0,0.0,0.0,0.0,0.0,
901,1,1,0,0,1,1,1,2,1,0.0,1.0,0.0,0.0,0.0,0.0,
159,0,1,1,0,1,1,1,2,1,0.0,1.0,0.0,0.0,0.0,0.0,
438,1,0,0,1,1,1,1,2,1,0.0,1.0,0.0,0.0,0.0,0.0,
698,1,1,1,3,2,4,2,6,5,59.0,0.5,1.25,0.1875,0.5,2.0,
706,0,0,1,1,1,1,1,2,1,0.0,1.0,0.0,0.0,0.0,0.0,
690,0,1,1,0,1,1,1,2,1,0.0,1.0,0.0,0.0,0.0,0.0,
291,2,0,0,1,2,1,2,3,2,1.0,2.0,2.0,0.0,1.0,0.5,
722,3,1,0,3,3,4,3,7,6,92.0,0.75,2.0,0.5,0.8333333333333333,1.875,
6,5,3,1,7,6,10,3,16,15,222.0,0.6,1.9,0.69,1.3333333333333333,4.625,
815,4,2,0,3,4,5,3,9,8,121.0,0.8,2.4,0.24,1.1666666666666665,2.25,
1273,1,0,0,1,1,1,1,2,1,0.0,1.0,0.0,0.0,0.0,0.0,
1183,1,1,0,1,1,2,1,3,2,12.0,0.5,1.0,0.0,0.0,1.0,
727,1,0,0,2,1,2,1,3,2,13.0,0.5,1.0,0.0,0.0,1.0,
1061,1,1,0,0,1,1,1,2,1,0.0,1.0,0.0,0.0,0.0,0.0,
770,1,0,0,1,1,1,1,2,1,0.0,1.0,0.0,0.0,0.0,0.0,
229,0,0,1,1,1,1,1,2,1,0.0,1.0,0.0,0.0,0.0,0.0,
227,0,0,1,1,1,1,1,2,1,0.0,1.0,0.0,0.0,0.0,0.0,
881,2,1,0,3,2,4,2,6,5,87.0,0.5,1.75,0.1875,0.5,2.0,
810,6,2,0,6,6,8,4,14,13,342.0,0.75,3.0,1.0,1.1833333333333333,2.875,
290,3,1,1,5,4,6,4,10,9,235.0,0.6666666666666666,2.0,1.0,0.9166666666666665,2.75,
672,2,1,0,3,2,4,2,6,5,33.0,0.5,1.75,0.1875,0.5,2.0,
633,6,2,0,6,6,8,3,14,13,281.0,0.75,2.5,0.25,1.8333333333333333,3.5,
1291,11,7,0,12,11,19,6,30,29,328.0,0.5789473684210527,3.6315789473684212,1.49584487534626,1.3924603174603174,5.875,
458,4,0,0,3,4,3,4,7,6,78.0,1.3333333333333333,3.3333333333333335,0.22222222222222224,1.3333333333333333,1.0,
1134,0,0,1,1,1,1,1,2,1,0.0,1.0,0.0,0.0,0.0,0.0,
278,1,1,0,0,1,1,1,2,1,0.0,1.0,0.0,0.0,0.0,0.0,
829,13,6,2,18,15,24,6,39,38,337.0,0.625,4.0,1.9166666666666667,1.8964285714285714,6.59375,
952,1,0,0,1,1,1,1,2,1,0.0,1.0,0.0,0.0,0.0,0.0,
1210,2,0,0,2,2,2,2,4,3,34.0,1.0,1.5,0.25,0.5,1.0,
799,5,3,1,5,6,8,3,14,13,194.0,0.75,2.0,0.5,1.15,3.75,
979,1,0,0,3,1,3,1,4,3,14.0,0.3333333333333333,1.0,0.0,0.0,1.5,
961,2,3,1,0,3,3,3,6,5,135.0,1.0,2.3333333333333335,0.8888888888888888,0.8333333333333333,1.25,
890,3,1,0,7,3,8,3,11,10,98.0,0.375,1.5,0.5,0.8333333333333333,3.875,
983,0,0,1,1,1,1,1,2,1,0.0,1.0,0.0,0.0,0.0,0.0,
1233,3,1,0,4,3,5,2,8,7,152.0,0.6,1.6,0.24,0.6666666666666666,2.5,
268,1,0,0,1,1,1,1,2,1,0.0,1.0,0.0,0.0,0.0,0.0,
993,2,0,1,3,3,3,3,6,5,229.0,1.0,2.3333333333333335,0.8888888888888888,0.8333333333333333,1.25,
259,0,0,1,1,1,1,1,2,1,0.0,1.0,0.0,0.0,0.0,0.0,
846,2,0,0,2,2,2,2,4,3,17.0,1.0,1.5,0.25,0.5,1.0,
1192,4,4,0,1,4,5,4,9,8,163.0,0.8,2.2,1.3599999999999999,0.9166666666666666,2.125,
1271,4,3,0,3,4,6,3,10,9,175.0,0.6666666666666666,2.0,0.6666666666666666,1.1666666666666665,2.75,
434,0,0,1,1,1,1,1,2,1,0.0,1.0,0.0,0.0,0.0,0.0,
776,1,0,0,1,1,1,1,2,1,0.0,1.0,0.0,0.0,0.0,0.0,
2,9,5,1,14,10,19,5,29,28,186.0,0.5263157894736842,3.0,0.9473684210526315,1.3547619047619044,6.90625,
180,0,1,1,0,1,1,1,2,1,0.0,1.0,0.0,0.0,0.0,0.0,
1004,1,0,0,1,1,1,1,2,1,0.0,1.0,0.0,0.0,0.0,0.0,
446,0,0,1,1,1,1,1,2,1,0.0,1.0,0.0,0.0,0.0,0.0,
254,1,1,0,3,1,4,1,5,4,160.0,0.25,1.0,0.0,0.0,2.0,
244,1,0,1,1,2,1,2,3,2,1.0,2.0,2.0,0.0,1.0,0.5,
1099,1,1,0,0,1,1,1,2,1,0.0,1.0,0.0,0.0,0.0,0.0,
497,1,1,0,0,1,1,1,2,1,0.0,1.0,0.0,0.0,0.0,0.0,
127,1,0,1,2,2,2,2,4,3,86.0,1.0,2.0,0.0,1.0,1.0,
411,1,0,0,2,1,2,1,3,2,21.0,0.5,1.0,0.0,0.0,1.0,
646,1,1,0,0,1,1,1,2,1,0.0,1.0,0.0,0.0,0.0,0.0,
16,0,1,1,0,1,1,1,2,1,0.0,1.0,0.0,0.0,0.0,0.0,
317,2,2,0,3,2,5,2,7,6,132.0,0.4,1.8,0.16000000000000006,0.5,2.5,
296,1,0,0,2,1,2,1,3,2,2.0,0.5,1.0,0.0,0.0,1.0,
485,1,0,0,2,1,2,1,3,2,53.0,0.5,1.0,0.0,0.0,1.0,
138,7,3,2,8,9,11,4,20,19,283.0,0.8181818181818182,2.5454545454545454,1.1570247933884301,1.55,4.375,
463,1,0,0,1,1,1,1,2,1,0.0,1.0,0.0,0.0,0.0,0.0,
813,1,0,0,1,1,1,1,2,1,0.0,1.0,0.0,0.0,0.0,0.0,
1153,0,0,1,1,1,1,1,2,1,0.0,1.0,0.0,0.0,0.0,0.0,
448,1,1,0,0,1,1,1,2,1,0.0,1.0,0.0,0.0,0.0,0.0,
319,1,1,0,4,1,5,1,6,5,150.0,0.2,1.0,0.0,0.0,2.5,
923,3,2,0,2,3,4,2,7,6,104.0,0.75,2.0,0.0,0.6666666666666666,2.0,
123,2,1,1,1,3,2,3,5,4,41.0,1.5,3.0,0.0,1.5,0.75,
518,2,0,0,2,2,2,2,4,3,11.0,1.0,1.5,0.25,0.5,1.0,
97,0,1,1,0,1,1,1,2,1,0.0,1.0,0.0,0.0,0.0,0.0,
451,1,1,0,0,1,1,1,2,1,0.0,1.0,0.0,0.0,0.0,0.0,
1020,0,1,2,0,2,1,2,3,2,14.0,2.0,2.0,0.0,1.0,0.5,
472,1,0,0,1,1,1,1,2,1,0.0,1.0,0.0,0.0,0.0,0.0,
174,2,0,1,5,3,5,3,8,7,126.0,0.6,2.6,0.6400000000000002,0.8333333333333333,2.0,
1199,1,1,0,2,1,3,1,4,3,15.0,0.3333333333333333,1.0,0.0,0.0,1.5,
546,1,0,0,1,1,1,1,2,1,0.0,1.0,0.0,0.0,0.0,0.0,
577,1,0,0,2,1,2,1,3,2,1.0,0.5,1.0,0.0,0.0,1.0,
977,1,0,1,1,2,1,2,3,2,9.0,2.0,2.0,0.0,1.0,0.5,
332,2,1,1,8,3,9,2,12,11,355.0,0.3333333333333333,1.2222222222222223,0.1728395061728395,0.6666666666666666,4.5,
767,2,0,0,3,2,3,2,5,4,93.0,0.6666666666666666,1.3333333333333333,0.2222222222222222,0.5,1.5,
717,1,1,0,0,1,1,1,2,1,0.0,1.0,0.0,0.0,0.0,0.0,
1042,1,1,0,0,1,1,1,2,1,0.0,1.0,0.0,0.0,0.0,0.0,
428,2,2,0,1,2,3,2,5,4,112.0,0.6666666666666666,1.3333333333333333,0.2222222222222222,0.5,1.5,
988,1,1,0,0,1,1,1,2,1,0.0,1.0,0.0,0.0,0.0,0.0,
183,3,1,1,4,4,5,4,9,8,99.0,0.8,3.6,0.64,1.1666666666666665,1.5,
1102,4,3,0,6,4,9,3,13,12,198.0,0.4444444444444444,1.5555555555555556,0.46913580246913583,0.8333333333333333,4.375,
262,0,0,1,1,1,1,1,2,1,0.0,1.0,0.0,0.0,0.0,0.0,
70,16,9,1,9,17,18,6,35,34,190.0,0.9444444444444444,3.388888888888889,1.9043209876543206,1.950793650793651,5.8125,
107,4,3,1,0,5,3,5,8,7,99.0,1.6666666666666667,3.6666666666666665,1.5555555555555556,1.1666666666666665,0.90625,
1321,2,0,0,1,2,1,2,3,2,32.0,2.0,2.0,0.0,1.0,0.5,
437,2,0,0,4,2,4,2,6,5,68.0,0.5,1.75,0.1875,0.5,2.0,
313,1,1,0,1,1,2,1,3,2,24.0,0.5,1.0,0.0,0.0,1.0,
1104,1,1,1,1,2,2,2,4,3,105.0,1.0,1.5,0.25,0.5,1.0,
924,1,1,0,0,1,1,1,2,1,0.0,1.0,0.0,0.0,0.0,0.0,
224,0,1,1,0,1,1,1,2,1,0.0,1.0,0.0,0.0,0.0,0.0,
218,0,1,1,0,1,1,1,2,1,0.0,1.0,0.0,0.0,0.0,0.0,
144,3,4,1,3,4,7,3,11,10,124.0,0.5714285714285714,2.0,0.2857142857142857,0.8333333333333333,3.375,
510,1,2,0,0,1,2,1,3,2,3.0,0.5,1.0,0.0,0.0,1.0,
30,0,0,1,1,1,1,1,2,1,0.0,1.0,0.0,0.0,0.0,0.0,
1308,1,1,0,0,1,1,1,2,1,0.0,1.0,0.0,0.0,0.0,0.0,
488,3,0,0,2,3,2,3,5,4,91.0,1.5,2.5,0.25,1.0,0.875,
216,3,0,1,2,4,2,4,6,5,70.0,2.0,3.0,1.0,1.1666666666666665,0.75,
531,2,2,0,2,2,4,2,6,5,20.0,0.5,1.25,0.1875,0.5,2.0,
37,24,14,2,29,26,43,7,69,68,256.0,0.6046511627906976,4.511627906976744,2.947539210383992,2.405924630924631,9.84375,
128,21,5,1,22,22,27,7,49,48,338.0,0.8148148148148148,4.111111111111111,2.543209876543212,2.6531746031746035,7.359375,
287,10,6,1,11,11,17,7,28,27,311.0,0.6470588235294118,4.823529411764706,1.6747404844290656,2.0,3.296875,
859,2,0,0,1,2,1,2,3,2,60.0,2.0,2.0,0.0,1.0,0.5,
703,1,1,0,1,1,2,1,3,2,27.0,0.5,1.0,0.0,0.0,1.0,
1096,2,0,0,1,2,1,2,3,2,37.0,2.0,2.0,0.0,1.0,0.5,
242,0,0,1,1,1,1,1,2,1,0.0,1.0,0.0,0.0,0.0,0.0,
795,2,3,1,1,3,4,3,7,6,123.0,0.75,2.0,0.5,0.8333333333333333,1.875,
1235,3,2,0,0,3,2,3,5,4,9.0,1.5,2.0,1.0,0.8333333333333333,0.875,
325,0,0,1,1,1,1,1,2,1,0.0,1.0,0.0,0.0,0.0,0.0,
380,6,3,0,5,6,8,3,14,13,199.0,0.75,1.875,0.359375,1.3333333333333333,3.875,
655,2,0,0,1,2,1,2,3,2,6.0,2.0,2.0,0.0,1.0,0.5,
482,1,4,0,2,1,6,1,7,6,103.0,0.16666666666666666,1.0,0.0,0.0,3.0,
311,2,1,0,2,2,3,2,5,4,142.0,0.6666666666666666,1.3333333333333333,0.2222222222222222,0.5,1.5,
305,1,3,0,1,1,4,1,5,4,17.0,0.25,1.0,0.0,0.0,2.0,
36,5,1,1,4,6,5,5,11,10,253.0,1.2,3.0,1.2,1.2333333333333332,1.90625,
1274,3,3,0,7,3,10,3,13,12,390.0,0.3,2.2,0.76,0.8333333333333333,4.375,
83,0,1,1,0,1,1,1,2,1,0.0,1.0,0.0,0.0,0.0,0.0,
517,1,1,0,0,1,1,1,2,1,0.0,1.0,0.0,0.0,0.0,0.0,
593,5,1,0,4,5,5,4,10,9,309.0,1.0,2.4,0.64,0.9833333333333334,2.25,
632,1,0,0,1,1,1,1,2,1,0.0,1.0,0.0,0.0,0.0,0.0,
1093,2,1,0,1,2,2,2,4,3,48.0,1.0,2.0,0.0,1.0,1.0,
1243,1,0,0,2,1,2,1,3,2,34.0,0.5,1.0,0.0,0.0,1.0,
339,2,2,1,0,3,2,2,5,4,90.0,1.5,2.0,0.0,0.6666666666666666,1.0,
147,0,0,1,1,1,1,1,2,1,0.0,1.0,0.0,0.0,0.0,0.0,
841,2,1,2,1,4,2,3,6,5,152.0,2.0,3.0,0.0,1.1666666666666665,0.75,
429,1,0,1,1,2,1,2,3,2,5.0,2.0,2.0,0.0,1.0,0.5,
420,1,0,0,1,1,1,1,2,1,0.0,1.0,0.0,0.0,0.0,0.0,
150,2,1,1,0,3,1,3,4,3,18.0,3.0,3.0,0.0,1.5,0.375,
1220,1,1,0,1,1,2,1,3,2,9.0,0.5,1.0,0.0,0.0,1.0,
1287,1,1,0,1,1,2,1,3,2,41.0,0.5,1.0,0.0,0.0,1.0,
598,2,0,0,1,2,1,2,3,2,62.0,2.0,2.0,0.0,1.0,0.5,
284,1,1,0,1,1,2,1,3,2,10.0,0.5,1.0,0.0,0.0,1.0,
69,6,0,1,12,7,12,6,19,18,158.0,0.5833333333333334,3.3333333333333335,1.0555555555555556,1.4333333333333333,4.09375,
1225,4,0,0,4,4,4,3,8,7,168.0,1.0,2.75,0.1875,0.8333333333333333,1.625,
223,0,1,1,1,1,2,1,3,2,0.0,0.5,1.0,0.0,0.0,1.0,
84,2,2,1,5,3,7,3,10,9,177.0,0.42857142857142855,2.857142857142857,0.12244897959183676,1.0,2.75,
897,1,0,0,1,1,1,1,2,1,0.0,1.0,0.0,0.0,0.0,0.0,
1016,1,0,0,1,1,1,1,2,1,0.0,1.0,0.0,0.0,0.0,0.0,
165,8,3,2,7,10,10,6,20,19,397.0,1.0,3.8,1.1600000000000004,1.5785714285714285,2.875,
809,1,0,0,1,1,1,1,2,1,0.0,1.0,0.0,0.0,0.0,0.0,
156,0,2,1,0,1,2,1,3,2,1.0,0.5,1.0,0.0,0.0,1.0,
764,2,2,0,4,2,6,2,8,7,207.0,0.3333333333333333,1.1666666666666667,0.13888888888888887,0.5,3.0,
844,6,5,1,4,7,9,4,16,15,288.0,0.7777777777777778,2.2222222222222223,1.0617283950617287,1.4833333333333332,3.875,
196,2,1,1,2,3,3,3,6,5,20.0,1.0,2.3333333333333335,0.8888888888888888,0.8333333333333333,1.25,
523,25,12,5,19,30,31,11,61,60,501.0,0.967741935483871,6.387096774193548,3.7856399583766893,2.5506687756687763,3.43115234375,
1252,3,1,0,2,3,3,3,6,5,98.0,1.0,1.6666666666666667,0.888888888888889,0.8333333333333333,1.375,
1251,3,1,0,0,3,1,3,4,3,64.0,3.0,3.0,0.0,1.5,0.375,
206,2,1,1,1,3,2,3,5,4,23.0,1.5,2.5,0.25,1.0,0.875,
94,4,3,1,4,5,7,3,12,11,230.0,0.7142857142857143,2.2857142857142856,0.489795918367347,1.0833333333333333,3.125,
1190,0,0,1,1,1,1,1,2,1,0.0,1.0,0.0,0.0,0.0,0.0,
1149,3,2,1,6,4,8,4,12,11,284.0,0.5,2.25,0.4375,1.1666666666666665,3.75,
155,9,4,1,10,10,14,6,24,23,245.0,0.7142857142857143,4.571428571428571,0.5306122448979591,1.8000000000000003,2.8125,
1293,1,1,0,0,1,1,1,2,1,0.0,1.0,0.0,0.0,0.0,0.0,
116,0,0,1,1,1,1,1,2,1,0.0,1.0,0.0,0.0,0.0,0.0,
615,1,2,0,1,1,3,1,4,3,13.0,0.3333333333333333,1.0,0.0,0.0,1.5,
391,5,3,0,6,5,9,4,14,13,321.0,0.5555555555555556,2.7777777777777777,1.0617283950617284,0.9833333333333334,3.5,
132,0,0,1,1,1,1,1,2,1,0.0,1.0,0.0,0.0,0.0,0.0,
387,1,1,0,2,1,3,1,4,3,126.0,0.3333333333333333,1.0,0.0,0.0,1.5,
963,1,1,0,0,1,1,1,2,1,0.0,1.0,0.0,0.0,0.0,0.0,
1063,2,2,1,1,3,3,3,6,5,137.0,1.0,2.6666666666666665,0.22222222222222224,1.0,1.25,
1135,1,0,0,1,1,1,1,2,1,0.0,1.0,0.0,0.0,0.0,0.0,
885,1,0,0,1,1,1,1,2,1,0.0,1.0,0.0,0.0,0.0,0.0,
136,4,3,2,2,6,5,4,11,10,170.0,1.2,3.6,0.6400000000000002,1.2333333333333334,1.5,
713,1,1,0,0,1,1,1,2,1,0.0,1.0,0.0,0.0,0.0,0.0,
691,2,1,0,1,2,2,2,4,3,97.0,1.0,2.0,0.0,1.0,1.0,
509,2,1,1,1,3,2,3,5,4,86.0,1.5,2.0,1.0,0.8333333333333333,0.875,
280,2,0,0,1,2,1,2,3,2,24.0,2.0,2.0,0.0,1.0,0.5,
119,0,0,1,1,1,1,1,2,1,0.0,1.0,0.0,0.0,0.0,0.0,
558,4,0,0,3,4,3,4,7,6,42.0,1.3333333333333333,3.0,2.0,0.9166666666666665,1.0,
596,1,0,0,1,1,1,1,2,1,0.0,1.0,0.0,0.0,0.0,0.0,
351,1,0,0,2,1,2,1,3,2,10.0,0.5,1.0,0.0,0.0,1.0,
883,1,0,0,1,1,1,1,2,1,0.0,1.0,0.0,0.0,0.0,0.0,
341,1,1,0,1,1,2,1,3,2,5.0,0.5,1.0,0.0,0.0,1.0,
581,1,0,0,1,1,1,1,2,1,0.0,1.0,0.0,0.0,0.0,0.0,
405,1,1,0,0,1,1,1,2,1,0.0,1.0,0.0,0.0,0.0,0.0,
693,6,3,1,7,7,10,5,17,16,308.0,0.7,3.1,1.09,1.2333333333333334,3.65625,
506,1,1,0,1,1,2,1,3,2,11.0,0.5,1.0,0.0,0.0,1.0,
1060,1,2,0,0,1,2,1,3,2,43.0,0.5,1.0,0.0,0.0,1.0,
233,1,3,0,2,1,5,1,6,5,55.0,0.2,1.0,0.0,0.0,2.5,
349,0,0,1,2,1,2,1,3,2,32.0,0.5,1.0,0.0,0.0,1.0,
622,0,0,1,1,1,1,1,2,1,0.0,1.0,0.0,0.0,0.0,0.0,
697,1,0,0,1,1,1,1,2,1,0.0,1.0,0.0,0.0,0.0,0.0,
960,3,3,0,4,3,7,2,10,9,219.0,0.42857142857142855,1.7142857142857142,0.20408163265306126,0.6666666666666666,3.5,
936,1,1,0,1,1,2,1,3,2,29.0,0.5,1.0,0.0,0.0,1.0,
614,3,0,0,2,3,2,3,5,4,30.0,1.5,2.0,1.0,0.8333333333333333,0.875,
686,2,2,0,1,2,3,2,5,4,77.0,0.6666666666666666,1.3333333333333333,0.2222222222222222,0.5,1.5,
1051,0,0,1,1,1,1,1,2,1,0.0,1.0,0.0,0.0,0.0,0.0,
444,1,1,0,1,1,2,1,3,2,31.0,0.5,1.0,0.0,0.0,1.0,
579,1,1,0,0,1,1,1,2,1,0.0,1.0,0.0,0.0,0.0,0.0,
959,1,1,0,0,1,1,1,2,1,0.0,1.0,0.0,0.0,0.0,0.0,
1305,1,0,0,1,1,1,1,2,1,0.0,1.0,0.0,0.0,0.0,0.0,
575,2,4,0,1,2,5,2,7,6,163.0,0.4,1.6,0.24,0.5,2.5,
1195,1,0,1,2,2,2,2,4,3,81.0,1.0,2.0,0.0,1.0,1.0,
480,10,3,0,11,10,14,6,24,23,283.0,0.7142857142857143,3.4285714285714284,2.3877551020408165,1.611904761904762,4.46875,
363,1,1,0,2,1,3,1,4,3,47.0,0.3333333333333333,1.0,0.0,0.0,1.5,
272,2,1,0,0,2,1,2,3,2,47.0,2.0,2.0,0.0,1.0,0.5,
792,1,0,0,2,1,2,1,3,2,6.0,0.5,1.0,0.0,0.0,1.0,
1037,1,1,0,1,1,2,1,3,2,0.0,0.5,1.0,0.0,0.0,1.0,
802,6,9,0,3,6,12,5,18,17,409.0,0.5,3.5833333333333335,1.4097222222222223,1.4166666666666665,3.71875,
740,0,1,1,0,1,1,1,2,1,0.0,1.0,0.0,0.0,0.0,0.0,
637,1,1,0,2,1,3,1,4,3,58.0,0.3333333333333333,1.0,0.0,0.0,1.5,
395,1,1,0,1,1,2,1,3,2,28.0,0.5,1.0,0.0,0.0,1.0,
19,7,3,2,8,9,11,5,20,19,115.0,0.8181818181818182,3.3636363636363638,0.7768595041322315,1.5666666666666664,3.65625,
680,1,1,0,0,1,1,1,2,1,0.0,1.0,0.0,0.0,0.0,0.0,
1071,1,1,0,0,1,1,1,2,1,0.0,1.0,0.0,0.0,0.0,0.0,
1069,2,0,2,4,4,4,3,8,7,215.0,1.0,2.25,0.6875,1.1666666666666665,1.75,
154,0,0,1,1,1,1,1,2,1,0.0,1.0,0.0,0.0,0.0,0.0,
1023,3,4,0,5,3,9,2,12,11,208.0,0.3333333333333333,1.3333333333333333,0.22222222222222227,0.6666666666666666,4.5,
816,2,2,0,3,2,5,2,7,6,127.0,0.4,1.6,0.24,0.5,2.5,
1232,1,0,0,2,1,2,1,3,2,49.0,0.5,1.0,0.0,0.0,1.0,
243,2,1,3,3,5,4,4,9,8,169.0,1.25,2.75,1.1875,1.1666666666666665,1.5,
931,0,1,1,0,1,1,1,2,1,0.0,1.0,0.0,0.0,0.0,0.0,
973,6,6,0,3,6,9,3,15,14,476.0,0.6666666666666666,2.2222222222222223,0.3950617283950617,1.3333333333333333,4.125,
181,1,0,1,1,2,1,2,3,2,85.0,2.0,2.0,0.0,1.0,0.5,
1029,1,0,0,1,1,1,1,2,1,0.0,1.0,0.0,0.0,0.0,0.0,
834,9,4,0,3,9,7,7,16,15,145.0,1.2857142857142858,3.0,3.4285714285714284,1.251190476190476,2.6796875,
73,9,4,1,6,10,10,6,20,19,102.0,1.0,3.3,2.6100000000000003,1.370238095238095,3.59375,
823,1,0,0,1,1,1,1,2,1,0.0,1.0,0.0,0.0,0.0,0.0,
80,4,3,1,3,5,6,3,11,10,132.0,0.8333333333333334,2.3333333333333335,0.8888888888888888,1.4999999999999998,2.5,
118,6,4,1,7,7,11,4,18,17,119.0,0.6363636363636364,2.6363636363636362,0.4132231404958678,1.1833333333333333,4.625,
1204,1,0,0,1,1,1,1,2,1,0.0,1.0,0.0,0.0,0.0,0.0,
738,5,2,0,7,5,9,5,14,13,222.0,0.5555555555555556,3.5555555555555554,1.5802469135802468,1.0333333333333332,2.71875,
377,1,1,0,0,1,1,1,2,1,0.0,1.0,0.0,0.0,0.0,0.0,
1067,8,1,1,9,9,10,6,19,18,231.0,0.9,4.4,2.04,1.6333333333333335,2.1875,
1157,4,0,0,2,4,2,4,6,5,21.0,2.0,2.5,2.25,0.9166666666666666,0.75,
850,0,0,2,1,2,1,2,3,2,19.0,2.0,2.0,0.0,1.0,0.5,
987,2,0,0,1,2,1,2,3,2,97.0,2.0,2.0,0.0,1.0,0.5,
1143,2,0,0,2,2,2,2,4,3,70.0,1.0,1.5,0.25,0.5,1.0,
822,1,0,0,1,1,1,1,2,1,0.0,1.0,0.0,0.0,0.0,0.0,
1277,1,0,0,1,1,1,1,2,1,0.0,1.0,0.0,0.0,0.0,0.0,
599,1,1,0,2,1,3,1,4,3,68.0,0.3333333333333333,1.0,0.0,0.0,1.5,
330,1,0,0,3,1,3,1,4,3,56.0,0.3333333333333333,1.0,0.0,0.0,1.5,
1024,1,0,1,1,2,1,2,3,2,23.0,2.0,2.0,0.0,1.0,0.5,
773,5,2,0,3,5,5,5,10,9,88.0,1.0,2.8,1.7600000000000002,1.0333333333333332,1.90625,
919,1,2,0,0,1,2,1,3,2,6.0,0.5,1.0,0.0,0.0,1.0,
414,3,1,0,2,3,3,2,6,5,109.0,1.0,1.6666666666666667,0.2222222222222222,0.6666666666666666,1.5,
495,1,0,0,2,1,2,1,3,2,13.0,0.5,1.0,0.0,0.0,1.0,
676,11,6,1,10,12,16,4,28,27,308.0,0.75,2.875,0.984375,1.838095238095238,6.0,
418,3,0,0,3,3,3,3,6,5,151.0,1.0,2.3333333333333335,0.8888888888888888,0.8333333333333333,1.25,
492,1,0,0,1,1,1,1,2,1,0.0,1.0,0.0,0.0,0.0,0.0,
968,1,1,0,0,1,1,1,2,1,0.0,1.0,0.0,0.0,0.0,0.0,
378,1,1,0,0,1,1,1,2,1,0.0,1.0,0.0,0.0,0.0,0.0,
263,1,0,0,1,1,1,1,2,1,0.0,1.0,0.0,0.0,0.0,0.0,
1159,1,1,0,0,1,1,1,2,1,0.0,1.0,0.0,0.0,0.0,0.0,
1257,2,1,0,1,2,2,2,4,3,77.0,1.0,1.5,0.25,0.5,1.0,
1306,1,0,0,1,1,1,1,2,1,0.0,1.0,0.0,0.0,0.0,0.0,
408,1,1,0,0,1,1,1,2,1,0.0,1.0,0.0,0.0,0.0,0.0,
790,0,1,1,1,1,2,1,3,2,0.0,0.5,1.0,0.0,0.0,1.0,
1110,1,1,0,1,1,2,1,3,2,52.0,0.5,1.0,0.0,0.0,1.0,
124,1,1,1,1,2,2,2,4,3,19.0,1.0,1.5,0.25,0.5,1.0,
140,0,1,1,0,1,1,1,2,1,0.0,1.0,0.0,0.0,0.0,0.0,
417,1,1,0,0,1,1,1,2,1,0.0,1.0,0.0,0.0,0.0,0.0,
925,8,5,0,9,8,14,7,22,21,294.0,0.5714285714285714,3.857142857142857,4.122448979591837,1.2928571428571427,3.921875,
162,1,0,1,1,2,1,2,3,2,7.0,2.0,2.0,0.0,1.0,0.5,
589,2,2,1,1,3,3,3,6,5,17.0,1.0,2.0,0.6666666666666666,0.8333333333333333,1.375,
971,10,6,3,9,13,15,8,28,27,445.0,0.8666666666666667,4.266666666666667,4.062222222222222,1.5452380952380955,4.0859375,
1053,1,1,0,0,1,1,1,2,1,0.0,1.0,0.0,0.0,0.0,0.0,
493,1,0,0,1,1,1,1,2,1,0.0,1.0,0.0,0.0,0.0,0.0,
715,4,7,1,7,5,14,4,19,18,382.0,0.35714285714285715,3.7142857142857144,0.20408163265306128,1.4999999999999998,4.0,
1295,1,0,0,1,1,1,1,2,1,0.0,1.0,0.0,0.0,0.0,0.0,
951,1,0,0,1,1,1,1,2,1,0.0,1.0,0.0,0.0,0.0,0.0,
683,2,0,0,3,2,3,2,5,4,90.0,0.6666666666666666,1.6666666666666667,0.2222222222222222,0.5,1.5,
905,1,1,0,1,1,2,1,3,2,24.0,0.5,1.0,0.0,0.0,1.0,
777,1,0,0,1,1,1,1,2,1,0.0,1.0,0.0,0.0,0.0,0.0,
1043,4,1,0,5,4,6,3,10,9,105.0,0.6666666666666666,2.1666666666666665,0.47222222222222215,0.8333333333333333,2.75,
424,1,3,0,0,1,3,1,4,3,92.0,0.3333333333333333,1.0,0.0,0.0,1.5,
1297,5,1,1,10,6,11,4,17,16,460.0,0.5454545454545454,1.7272727272727273,1.1074380165289255,0.9833333333333334,5.0,
857,3,2,0,1,3,3,3,6,5,46.0,1.0,2.0,0.6666666666666666,0.8333333333333333,1.375,
606,1,1,0,0,1,1,1,2,1,0.0,1.0,0.0,0.0,0.0,0.0,
321,0,1,1,0,1,1,1,2,1,0.0,1.0,0.0,0.0,0.0,0.0,
151,0,1,1,1,1,2,1,3,2,32.0,0.5,1.0,0.0,0.0,1.0,
1262,2,1,0,0,2,1,2,3,2,2.0,2.0,2.0,0.0,1.0,0.5,
393,2,0,0,1,2,1,2,3,2,59.0,2.0,2.0,0.0,1.0,0.5,
920,0,0,1,1,1,1,1,2,1,0.0,1.0,0.0,0.0,0.0,0.0,
687,1,2,1,2,2,4,2,6,5,86.0,0.5,1.25,0.1875,0.5,2.0,
879,1,1,0,0,1,1,1,2,1,0.0,1.0,0.0,0.0,0.0,0.0,
133,0,0,1,1,1,1,1,2,1,0.0,1.0,0.0,0.0,0.0,0.0,
1140,9,4,1,13,10,17,7,27,26,325.0,0.5882352941176471,5.176470588235294,4.498269896193772,1.3940476190476192,3.4609375,
994,1,1,0,1,1,2,1,3,2,10.0,0.5,1.0,0.0,0.0,1.0,
176,1,3,1,2,2,5,2,7,6,62.0,0.4,1.6,0.24,0.5,2.5,
635,1,0,0,1,1,1,1,2,1,0.0,1.0,0.0,0.0,0.0,0.0,
864,3,2,3,4,6,6,3,12,11,163.0,1.0,2.0,0.6666666666666666,1.15,2.75,
75,26,10,7,35,33,45,8,78,77,235.0,0.7333333333333333,4.555555555555555,1.8024691358024685,3.276248751248752,9.7109375,
1272,2,0,0,1,2,1,2,3,2,27.0,2.0,2.0,0.0,1.0,0.5,
117,24,16,3,19,27,35,6,62,61,379.0,0.7714285714285715,3.742857142857143,1.276734693877551,3.179761904761905,10.125,
1049,1,1,0,1,1,2,1,3,2,25.0,0.5,1.0,0.0,0.0,1.0,
640,1,1,0,0,1,1,1,2,1,0.0,1.0,0.0,0.0,0.0,0.0,
320,1,0,0,4,1,4,1,5,4,28.0,0.25,1.0,0.0,0.0,2.0,
871,0,0,1,1,1,1,1,2,1,0.0,1.0,0.0,0.0,0.0,0.0,
638,1,0,0,2,1,2,1,3,2,11.0,0.5,1.0,0.0,0.0,1.0,
1142,0,0,1,1,1,1,1,2,1,0.0,1.0,0.0,0.0,0.0,0.0,
412,1,0,0,1,1,1,1,2,1,0.0,1.0,0.0,0.0,0.0,0.0,
298,6,9,2,6,8,15,5,23,22,560.0,0.5333333333333333,3.466666666666667,1.5822222222222218,1.6833333333333331,4.78125,
481,1,0,0,2,1,2,1,3,2,34.0,0.5,1.0,0.0,0.0,1.0,
256,1,0,0,2,1,2,1,3,2,5.0,0.5,1.0,0.0,0.0,1.0,
96,4,5,1,3,5,8,4,13,12,188.0,0.625,2.5,1.0,1.1666666666666665,3.25,
781,0,0,1,1,1,1,1,2,1,0.0,1.0,0.0,0.0,0.0,0.0,
669,0,0,1,1,1,1,1,2,1,0.0,1.0,0.0,0.0,0.0,0.0,
1002,1,1,0,0,1,1,1,2,1,0.0,1.0,0.0,0.0,0.0,0.0,
389,1,0,0,2,1,2,1,3,2,4.0,0.5,1.0,0.0,0.0,1.0,
684,1,0,0,1,1,1,1,2,1,0.0,1.0,0.0,0.0,0.0,0.0,
649,2,0,0,1,2,1,2,3,2,21.0,2.0,2.0,0.0,1.0,0.5,
1261,3,2,0,1,3,3,2,6,5,41.0,1.0,1.6666666666666667,0.2222222222222222,0.6666666666666666,1.5,
656,3,1,0,3,3,4,3,7,6,136.0,0.75,2.75,0.1875,1.0,1.625,
774,9,8,1,5,10,13,6,23,22,302.0,0.7692307692307693,3.0,2.4615384615384617,1.370238095238095,4.96875,
235,0,0,1,1,1,1,1,2,1,0.0,1.0,0.0,0.0,0.0,0.0,
580,1,0,0,2,1,2,1,3,2,28.0,0.5,1.0,0.0,0.0,1.0,
797,8,5,1,10,9,15,4,24,23,249.0,0.6,3.2,0.5599999999999999,1.5166666666666668,5.25,
866,1,2,0,0,1,2,1,3,2,1.0,0.5,1.0,0.0,0.0,1.0,
1209,1,0,0,2,1,2,1,3,2,25.0,0.5,1.0,0.0,0.0,1.0,
1179,9,4,0,4,9,8,9,17,16,390.0,1.125,4.625,5.984375,1.269047619047619,2.080078125,
1131,1,0,0,1,1,1,1,2,1,0.0,1.0,0.0,0.0,0.0,0.0,
1128,1,0,0,1,1,1,1,2,1,0.0,1.0,0.0,0.0,0.0,0.0,
912,3,1,0,2,3,3,3,6,5,141.0,1.0,2.3333333333333335,0.22222222222222224,1.0,1.375,
529,2,0,0,1,2,1,2,3,2,23.0,2.0,2.0,0.0,1.0,0.5,
374,1,0,0,1,1,1,1,2,1,0.0,1.0,0.0,0.0,0.0,0.0,
161,2,3,1,4,3,7,2,10,9,71.0,0.42857142857142855,1.7142857142857142,0.20408163265306126,0.6666666666666666,3.5,
1109,1,1,0,1,1,2,1,3,2,26.0,0.5,1.0,0.0,0.0,1.0,
292,1,0,0,1,1,1,1,2,1,0.0,1.0,0.0,0.0,0.0,0.0,
984,4,1,0,1,4,2,3,6,5,99.0,2.0,3.0,0.0,1.1666666666666665,0.75,
498,3,2,1,5,4,7,3,11,10,169.0,0.5714285714285714,1.8571428571428572,0.6938775510204082,0.8333333333333333,3.25,
1187,4,0,0,7,4,7,3,11,10,182.0,0.5714285714285714,2.0,0.8571428571428571,1.1666666666666665,3.125,
544,2,1,0,1,2,2,2,4,3,21.0,1.0,2.0,0.0,1.0,1.0,
1197,1,1,0,0,1,1,1,2,1,0.0,1.0,0.0,0.0,0.0,0.0,
1084,2,0,0,1,2,1,2,3,2,126.0,2.0,2.0,0.0,1.0,0.5,
1317,1,1,0,3,1,4,1,5,4,215.0,0.25,1.0,0.0,0.0,2.0,
1270,2,1,0,2,2,3,2,5,4,40.0,0.6666666666666666,1.3333333333333333,0.2222222222222222,0.5,1.5,
571,1,1,0,0,1,1,1,2,1,0.0,1.0,0.0,0.0,0.0,0.0,
385,1,1,1,1,2,2,2,4,3,13.0,1.0,1.5,0.25,0.5,1.0,
267,1,1,0,2,1,3,1,4,3,56.0,0.3333333333333333,1.0,0.0,0.0,1.5,
62,9,13,1,6,10,19,5,29,28,242.0,0.5263157894736842,3.4210526315789473,2.4542936288088644,1.5214285714285714,6.0,
789,0,0,1,1,1,1,1,2,1,0.0,1.0,0.0,0.0,0.0,0.0,
289,1,0,0,1,1,1,1,2,1,0.0,1.0,0.0,0.0,0.0,0.0,
886,1,0,1,1,2,1,2,3,2,29.0,2.0,2.0,0.0,1.0,0.5,
1176,2,1,0,2,2,3,2,5,4,65.0,0.6666666666666666,2.0,0.0,1.0,1.5,
1006,1,1,0,0,1,1,1,2,1,0.0,1.0,0.0,0.0,0.0,0.0,
1139,1,0,0,1,1,1,1,2,1,0.0,1.0,0.0,0.0,0.0,0.0,
35,0,0,1,1,1,1,1,2,1,0.0,1.0,0.0,0.0,0.0,0.0,
65,20,13,4,25,24,38,9,62,61,346.0,0.631578947368421,4.5,3.776315789473684,2.4619769119769126,9.541015625,
185,0,1,1,0,1,1,1,2,1,0.0,1.0,0.0,0.0,0.0,0.0,
326,1,1,0,1,1,2,1,3,2,15.0,0.5,1.0,0.0,0.0,1.0,
171,1,1,1,1,2,2,2,4,3,39.0,1.0,2.0,0.0,1.0,1.0,
100,0,1,1,0,1,1,1,2,1,0.0,1.0,0.0,0.0,0.0,0.0,
169,2,0,1,1,3,1,3,4,3,95.0,3.0,3.0,0.0,1.5,0.375,
1075,0,1,1,0,1,1,1,2,1,0.0,1.0,0.0,0.0,0.0,0.0,
120,0,1,1,0,1,1,1,2,1,0.0,1.0,0.0,0.0,0.0,0.0,
611,1,1,1,2,2,3,2,5,4,155.0,0.6666666666666666,1.6666666666666667,0.2222222222222222,0.5,1.5,
1062,4,0,0,3,4,3,4,7,6,250.0,1.3333333333333333,4.0,0.0,1.8333333333333333,0.75,
707,4,10,0,3,4,13,3,17,16,395.0,0.3076923076923077,1.9230769230769231,0.22485207100591711,0.8333333333333333,6.375,
755,2,1,0,1,2,2,2,4,3,27.0,1.0,2.0,0.0,1.0,1.0,
934,1,0,0,1,1,1,1,2,1,0.0,1.0,0.0,0.0,0.0,0.0,
1150,1,0,0,1,1,1,1,2,1,0.0,1.0,0.0,0.0,0.0,0.0,
397,1,1,0,2,1,3,1,4,3,58.0,0.3333333333333333,1.0,0.0,0.0,1.5,
1133,3,3,1,3,4,6,3,10,9,221.0,0.6666666666666666,3.0,0.0,1.1666666666666665,2.25,
737,2,1,0,3,2,4,2,6,5,94.0,0.5,1.25,0.1875,0.5,2.0,
576,1,1,0,0,1,1,1,2,1,0.0,1.0,0.0,0.0,0.0,0.0,
342,4,2,3,9,7,11,4,18,17,196.0,0.6363636363636364,3.272727272727273,1.1074380165289257,1.4333333333333333,3.625,
906,1,0,0,2,1,2,1,3,2,40.0,0.5,1.0,0.0,0.0,1.0,
462,2,1,1,0,3,1,3,4,3,46.0,3.0,3.0,0.0,1.5,0.375,
636,2,1,0,1,2,2,2,4,3,4.0,1.0,2.0,0.0,1.0,1.0,
31,5,5,1,5,6,10,5,16,15,165.0,0.6,2.5,1.65,1.2833333333333332,4.03125,
316,3,2,0,2,3,4,3,7,6,111.0,0.75,1.5,0.75,0.8333333333333333,1.875,
539,1,0,0,1,1,1,1,2,1,0.0,1.0,0.0,0.0,0.0,0.0,
818,1,0,0,1,1,1,1,2,1,0.0,1.0,0.0,0.0,0.0,0.0,
766,3,5,0,3,3,8,3,11,10,251.0,0.375,1.875,0.859375,0.8333333333333333,3.625,
762,2,2,1,3,3,5,2,8,7,163.0,0.6,1.6,0.24,0.6666666666666666,2.5,
390,2,0,0,3,2,3,2,5,4,115.0,0.6666666666666666,2.0,0.0,1.0,1.5,
113,0,0,1,1,1,1,1,2,1,0.0,1.0,0.0,0.0,0.0,0.0,
746,2,0,0,2,2,2,2,4,3,65.0,1.0,2.0,0.0,1.0,1.0,
1266,1,0,2,1,3,1,3,4,3,61.0,3.0,3.0,0.0,1.5,0.375,
998,2,1,0,0,2,1,2,3,2,83.0,2.0,2.0,0.0,1.0,0.5,
164,1,2,1,0,2,2,2,4,3,38.0,1.0,1.5,0.25,0.5,1.0,
310,1,1,0,0,1,1,1,2,1,0.0,1.0,0.0,0.0,0.0,0.0,
625,2,2,1,1,3,3,3,6,5,102.0,1.0,2.6666666666666665,0.22222222222222224,1.0,1.25,
1013,0,1,1,0,1,1,1,2,1,0.0,1.0,0.0,0.0,0.0,0.0,
1068,1,0,0,1,1,1,1,2,1,0.0,1.0,0.0,0.0,0.0,0.0,
1218,1,0,0,2,1,2,1,3,2,29.0,0.5,1.0,0.0,0.0,1.0,
359,1,0,0,1,1,1,1,2,1,0.0,1.0,0.0,0.0,0.0,0.0,
57,8,3,1,12,9,15,6,24,23,142.0,0.6,4.133333333333334,1.448888888888889,1.9333333333333331,3.84375,
98,0,0,1,1,1,1,1,2,1,0.0,1.0,0.0,0.0,0.0,0.0,
938,2,0,0,1,2,1,2,3,2,100.0,2.0,2.0,0.0,1.0,0.5,
314,2,0,0,1,2,1,2,3,2,67.0,2.0,2.0,0.0,1.0,0.5,
1146,3,1,0,2,3,3,3,6,5,92.0,1.0,1.6666666666666667,0.888888888888889,0.8333333333333333,1.375,
1108,1,0,0,1,1,1,1,2,1,0.0,1.0,0.0,0.0,0.0,0.0,
358,1,0,0,1,1,1,1,2,1,0.0,1.0,0.0,0.0,0.0,0.0,
336,1,1,1,3,2,4,2,6,5,95.0,0.5,2.0,0.0,1.0,2.0,
177,1,1,2,1,3,2,3,5,4,88.0,1.5,2.5,0.25,1.0,0.875,
55,5,2,1,11,6,13,5,19,18,190.0,0.46153846153846156,1.8461538461538463,1.2071005917159763,1.0333333333333334,6.03125,
515,1,0,0,1,1,1,1,2,1,0.0,1.0,0.0,0.0,0.0,0.0,
220,0,1,1,0,1,1,1,2,1,0.0,1.0,0.0,0.0,0.0,0.0,
892,1,1,0,2,1,3,1,4,3,41.0,0.3333333333333333,1.0,0.0,0.0,1.5,
318,1,1,0,0,1,1,1,2,1,0.0,1.0,0.0,0.0,0.0,0.0,
793,0,0,1,1,1,1,1,2,1,0.0,1.0,0.0,0.0,0.0,0.0,
17,13,8,2,12,15,20,6,35,34,304.0,0.75,3.45,1.0475,1.7535714285714288,6.53125,
956,1,0,0,2,1,2,1,3,2,122.0,0.5,1.0,0.0,0.0,1.0,
1114,1,0,0,1,1,1,1,2,1,0.0,1.0,0.0,0.0,0.0,0.0,
511,1,1,0,0,1,1,1,2,1,0.0,1.0,0.0,0.0,0.0,0.0,
982,1,2,1,1,2,3,2,5,4,39.0,0.6666666666666666,1.3333333333333333,0.2222222222222222,0.5,1.5,
1008,3,1,0,1,3,2,3,5,4,65.0,1.5,3.0,0.0,1.5,0.75,
20,2,1,2,3,4,4,3,8,7,209.0,1.0,2.5,0.25,1.1666666666666665,1.75,
1322,0,0,1,1,1,1,1,2,1,0.0,1.0,0.0,0.0,0.0,0.0,
1318,12,4,1,11,13,15,6,28,27,442.0,0.8666666666666667,4.266666666666667,2.5955555555555554,2.111904761904762,3.65625,
126,4,1,1,6,5,7,4,12,11,128.0,0.7142857142857143,2.142857142857143,0.9795918367346937,0.9833333333333334,3.125,
650,0,0,1,1,1,1,1,2,1,0.0,1.0,0.0,0.0,0.0,0.0,
357,7,6,2,9,9,15,4,24,23,384.0,0.6,2.3333333333333335,0.6222222222222221,1.5166666666666666,6.625,
718,3,2,1,1,4,3,4,7,6,138.0,1.3333333333333333,3.3333333333333335,0.22222222222222224,1.3333333333333333,1.0,
29,0,1,1,0,1,1,1,2,1,0.0,1.0,0.0,0.0,0.0,0.0,
1113,1,0,0,1,1,1,1,2,1,0.0,1.0,0.0,0.0,0.0,0.0,
1182,1,0,0,1,1,1,1,2,1,0.0,1.0,0.0,0.0,0.0,0.0,
373,2,2,0,5,2,7,2,9,8,182.0,0.2857142857142857,1.2857142857142858,0.20408163265306123,0.5,3.5,
1136,1,0,0,1,1,1,1,2,1,0.0,1.0,0.0,0.0,0.0,0.0,
663,3,3,0,7,3,10,3,13,12,313.0,0.3,1.7,0.40999999999999986,0.8333333333333333,4.875,
1117,4,0,0,3,4,3,4,7,6,130.0,1.3333333333333333,4.0,0.0,1.8333333333333333,0.75,
723,4,4,0,1,4,5,3,9,8,117.0,0.8,2.4,0.24,0.8333333333333333,2.25,
166,11,7,3,13,14,20,7,34,33,783.0,0.7,4.05,2.4475,1.80515873015873,5.3984375,
1085,3,3,0,2,3,5,2,8,7,69.0,0.6,1.6,0.24,0.6666666666666666,2.5,
543,1,0,0,1,1,1,1,2,1,0.0,1.0,0.0,0.0,0.0,0.0,
1156,2,2,0,3,2,5,2,7,6,109.0,0.4,1.2,0.16,0.5,2.5,
28,7,3,1,4,8,7,4,15,14,176.0,1.1428571428571428,2.4285714285714284,0.5306122448979592,1.3833333333333335,3.125,
1188,1,1,1,3,2,4,2,6,5,220.0,0.5,1.25,0.1875,0.5,2.0,
1095,1,1,0,1,1,2,1,3,2,89.0,0.5,1.0,0.0,0.0,1.0,
101,0,1,1,0,1,1,1,2,1,0.0,1.0,0.0,0.0,0.0,0.0,
18,0,1,1,0,1,1,1,2,1,0.0,1.0,0.0,0.0,0.0,0.0,
487,1,1,1,1,2,2,2,4,3,210.0,1.0,2.0,0.0,1.0,1.0,
756,1,0,0,1,1,1,1,2,1,0.0,1.0,0.0,0.0,0.0,0.0,
587,2,1,0,3,2,4,2,6,5,43.0,0.5,1.5,0.25,0.5,2.0,
95,10,2,1,8,11,10,7,21,20,185.0,1.1,4.0,5.0,1.2484126984126984,2.7890625,
878,1,1,0,1,1,2,1,3,2,21.0,0.5,1.0,0.0,0.0,1.0,
1141,1,0,1,1,2,1,2,3,2,33.0,2.0,2.0,0.0,1.0,0.5,
64,2,3,1,0,3,3,2,6,5,47.0,1.0,1.6666666666666667,0.2222222222222222,0.6666666666666666,1.5,
918,1,0,1,1,2,1,2,3,2,99.0,2.0,2.0,0.0,1.0,0.5,
200,2,1,0,6,2,7,2,9,8,323.0,0.2857142857142857,1.2857142857142858,0.20408163265306126,0.5,3.5,
71,23,20,5,23,28,43,6,71,70,246.0,0.6511627906976745,3.6511627906976742,1.762033531638724,3.323809523809524,12.96875,
628,2,0,0,1,2,1,2,3,2,75.0,2.0,2.0,0.0,1.0,0.5,
731,2,2,0,1,2,3,2,5,4,21.0,0.6666666666666666,1.3333333333333333,0.2222222222222222,0.5,1.5,
219,0,1,1,0,1,1,1,2,1,0.0,1.0,0.0,0.0,0.0,0.0,
814,1,0,0,1,1,1,1,2,1,0.0,1.0,0.0,0.0,0.0,0.0,
46,1,1,1,0,2,1,2,3,2,16.0,2.0,2.0,0.0,1.0,0.5,
716,1,0,0,2,1,2,1,3,2,40.0,0.5,1.0,0.0,0.0,1.0,
502,2,0,0,1,2,1,2,3,2,13.0,2.0,2.0,0.0,1.0,0.5,
570,10,7,0,7,10,14,5,24,23,275.0,0.7142857142857143,3.0714285714285716,0.923469387755102,1.8333333333333333,5.15625,
276,1,0,0,1,1,1,1,2,1,0.0,1.0,0.0,0.0,0.0,0.0,
3,1,0,1,1,2,1,2,3,2,4.0,2.0,2.0,0.0,1.0,0.5,
719,1,0,0,2,1,2,1,3,2,37.0,0.5,1.0,0.0,0.0,1.0,
788,1,2,0,0,1,2,1,3,2,55.0,0.5,1.0,0.0,0.0,1.0,
392,5,2,0,5,5,7,5,12,11,221.0,0.7142857142857143,3.4285714285714284,0.8163265306122449,1.1666666666666665,2.28125,
149,0,1,1,0,1,1,1,2,1,0.0,1.0,0.0,0.0,0.0,0.0,
137,1,1,1,0,2,1,2,3,2,33.0,2.0,2.0,0.0,1.0,0.5,
407,1,0,0,1,1,1,1,2,1,0.0,1.0,0.0,0.0,0.0,0.0,
89,0,1,1,0,1,1,1,2,1,0.0,1.0,0.0,0.0,0.0,0.0,
608,0,1,1,0,1,1,1,2,1,0.0,1.0,0.0,0.0,0.0,0.0,
32,9,5,1,11,10,16,5,26,25,177.0,0.625,3.125,2.109375,1.635714285714286,5.5,
441,9,4,1,11,10,15,5,25,24,236.0,0.6666666666666666,3.533333333333333,2.115555555555555,1.2579365079365081,4.5625,
275,1,1,0,0,1,1,1,2,1,0.0,1.0,0.0,0.0,0.0,0.0,
584,0,0,1,1,1,1,1,2,1,0.0,1.0,0.0,0.0,0.0,0.0,
461,1,0,0,1,1,1,1,2,1,0.0,1.0,0.0,0.0,0.0,0.0,
1103,2,2,0,0,2,2,2,4,3,148.0,1.0,2.0,0.0,1.0,1.0,
1269,1,0,0,1,1,1,1,2,1,0.0,1.0,0.0,0.0,0.0,0.0,
189,1,0,0,1,1,1,1,2,1,0.0,1.0,0.0,0.0,0.0,0.0,
173,0,1,1,0,1,1,1,2,1,0.0,1.0,0.0,0.0,0.0,0.0,
699,1,1,0,0,1,1,1,2,1,0.0,1.0,0.0,0.0,0.0,0.0,
604,1,1,1,1,2,2,2,4,3,30.0,1.0,1.5,0.25,0.5,1.0,
753,1,0,0,1,1,1,1,2,1,0.0,1.0,0.0,0.0,0.0,0.0,
331,1,0,0,1,1,1,1,2,1,0.0,1.0,0.0,0.0,0.0,0.0,
876,1,1,0,0,1,1,1,2,1,0.0,1.0,0.0,0.0,0.0,0.0,
39,23,13,2,23,25,36,8,61,60,193.0,0.6944444444444444,4.722222222222222,3.4783950617283956,2.1264263514263515,8.09375,
842,1,0,0,1,1,1,1,2,1,0.0,1.0,0.0,0.0,0.0,0.0,
896,1,0,0,1,1,1,1,2,1,0.0,1.0,0.0,0.0,0.0,0.0,
299,2,1,0,4,2,5,2,7,6,51.0,0.4,1.4,0.24,0.5,2.5,
911,4,3,1,4,5,7,4,12,11,125.0,0.7142857142857143,2.142857142857143,1.2653061224489797,1.1666666666666665,3.0,
1019,1,0,0,1,1,1,1,2,1,0.0,1.0,0.0,0.0,0.0,0.0,
366,1,0,0,3,1,3,1,4,3,109.0,0.3333333333333333,1.0,0.0,0.0,1.5,
281,1,0,0,1,1,1,1,2,1,0.0,1.0,0.0,0.0,0.0,0.0,
903,4,2,0,3,4,5,3,9,8,59.0,0.8,2.2,0.5599999999999999,1.1666666666666665,2.25,
1044,1,1,0,0,1,1,1,2,1,0.0,1.0,0.0,0.0,0.0,0.0,
288,1,0,0,1,1,1,1,2,1,0.0,1.0,0.0,0.0,0.0,0.0,
930,1,0,0,1,1,1,1,2,1,0.0,1.0,0.0,0.0,0.0,0.0,
1090,5,0,0,7,5,7,4,12,11,140.0,0.7142857142857143,3.142857142857143,1.2653061224489797,0.9833333333333332,2.375,
660,2,0,0,2,2,2,2,4,3,11.0,1.0,1.5,0.25,0.5,1.0,
626,4,2,0,2,4,4,3,8,7,295.0,1.0,2.5,0.25,1.1666666666666665,1.75,
831,1,0,0,1,1,1,1,2,1,0.0,1.0,0.0,0.0,0.0,0.0,
217,0,0,1,1,1,1,1,2,1,0.0,1.0,0.0,0.0,0.0,0.0,
653,1,1,1,0,2,1,2,3,2,24.0,2.0,2.0,0.0,1.0,0.5,
1,2,1,1,0,3,1,3,4,3,97.0,3.0,3.0,0.0,1.5,0.375,
922,1,0,0,2,1,2,1,3,2,3.0,0.5,1.0,0.0,0.0,1.0,
782,1,3,1,1,2,4,2,6,5,172.0,0.5,1.25,0.1875,0.5,2.0,
791,1,0,0,1,1,1,1,2,1,0.0,1.0,0.0,0.0,0.0,0.0,
627,1,2,0,0,1,2,1,3,2,29.0,0.5,1.0,0.0,0.0,1.0,
695,9,10,1,11,10,21,6,31,30,565.0,0.47619047619047616,4.238095238095238,1.1337868480725626,2.183333333333333,5.03125,
338,4,3,1,3,5,6,4,11,10,191.0,0.8333333333333334,3.1666666666666665,0.47222222222222215,1.4999999999999998,2.125,
27,33,16,3,34,36,50,9,86,85,349.0,0.72,4.86,3.6403999999999983,3.4413031413031416,10.080078125,
1130,1,0,0,1,1,1,1,2,1,0.0,1.0,0.0,0.0,0.0,0.0,
965,1,1,0,0,1,1,1,2,1,0.0,1.0,0.0,0.0,0.0,0.0,
929,4,1,1,2,5,3,5,8,7,64.0,1.6666666666666667,3.0,2.6666666666666665,1.0333333333333332,1.03125,
1189,0,0,1,1,1,1,1,2,1,0.0,1.0,0.0,0.0,0.0,0.0,
456,0,0,1,1,1,1,1,2,1,0.0,1.0,0.0,0.0,0.0,0.0,
382,1,1,0,0,1,1,1,2,1,0.0,1.0,0.0,0.0,0.0,0.0,
207,0,0,1,1,1,1,1,2,1,0.0,1.0,0.0,0.0,0.0,0.0,
914,1,0,0,1,1,1,1,2,1,0.0,1.0,0.0,0.0,0.0,0.0,
1200,2,1,0,0,2,1,2,3,2,4.0,2.0,2.0,0.0,1.0,0.5,
501,0,0,1,1,1,1,1,2,1,0.0,1.0,0.0,0.0,0.0,0.0,
394,0,0,1,1,1,1,1,2,1,0.0,1.0,0.0,0.0,0.0,0.0,
271,1,1,0,0,1,1,1,2,1,0.0,1.0,0.0,0.0,0.0,0.0,
1244,1,2,0,0,1,2,1,3,2,21.0,0.5,1.0,0.0,0.0,1.0,
872,3,2,0,4,3,6,3,9,8,106.0,0.5,1.8333333333333333,0.8055555555555557,0.8333333333333333,2.75,
805,0,0,1,1,1,1,1,2,1,0.0,1.0,0.0,0.0,0.0,0.0,
1234,3,1,0,3,3,4,3,7,6,137.0,0.75,1.5,0.75,0.8333333333333333,1.875,
726,0,0,1,1,1,1,1,2,1,0.0,1.0,0.0,0.0,0.0,0.0,
634,3,1,0,0,3,1,3,4,3,81.0,3.0,3.0,0.0,1.5,0.375,
528,1,0,0,1,1,1,1,2,1,0.0,1.0,0.0,0.0,0.0,0.0,
516,2,0,0,2,2,2,2,4,3,18.0,1.0,1.5,0.25,0.5,1.0,
1028,1,0,0,1,1,1,1,2,1,0.0,1.0,0.0,0.0,0.0,0.0,
26,18,7,2,16,20,23,8,43,42,252.0,0.8695652173913043,4.478260869565218,4.336483931947071,2.6126984126984127,5.3828125,
423,2,4,3,6,5,10,4,15,14,284.0,0.5,1.9,0.8899999999999999,0.9833333333333334,4.625,
192,5,7,2,3,7,10,4,17,16,167.0,0.7,2.7,0.61,1.4333333333333333,4.125,
1038,0,0,1,1,1,1,1,2,1,0.0,1.0,0.0,0.0,0.0,0.0,
725,1,0,0,7,1,7,1,8,7,278.0,0.14285714285714285,1.0,0.0,0.0,3.5,
232,0,0,1,1,1,1,1,2,1,0.0,1.0,0.0,0.0,0.0,0.0,
246,0,0,1,2,1,2,1,3,2,212.0,0.5,1.0,0.0,0.0,1.0,
160,5,5,3,8,8,13,4,21,20,277.0,0.6153846153846154,2.8461538461538463,0.5917159763313611,1.6833333333333333,5.125,
1249,2,2,0,0,2,2,2,4,3,23.0,1.0,1.5,0.25,0.5,1.0,
1022,0,0,1,1,1,1,1,2,1,0.0,1.0,0.0,0.0,0.0,0.0,
670,4,1,0,5,4,6,4,10,9,221.0,0.6666666666666666,2.5,1.25,0.9166666666666665,2.5,
4,6,4,3,3,9,7,5,16,15,101.0,1.2857142857142858,2.2857142857142856,2.204081632653061,1.2357142857142858,2.90625,
950,0,0,1,1,1,1,1,2,1,0.0,1.0,0.0,0.0,0.0,0.0,
25,7,6,2,6,9,12,4,21,20,121.0,0.75,3.3333333333333335,1.055555555555556,1.4833333333333332,3.875,
270,1,0,0,1,1,1,1,2,1,0.0,1.0,0.0,0.0,0.0,0.0,
221,6,4,2,4,8,8,5,16,15,262.0,1.0,3.625,0.734375,1.4,2.40625,
974,1,1,0,0,1,1,1,2,1,0.0,1.0,0.0,0.0,0.0,0.0,
245,1,0,0,1,1,1,1,2,1,0.0,1.0,0.0,0.0,0.0,0.0,
386,2,0,0,1,2,1,2,3,2,2.0,2.0,2.0,0.0,1.0,0.5,
163,15,9,2,16,17,25,7,42,41,246.0,0.68,3.44,1.6863999999999992,1.8965007215007217,8.1796875,
369,2,0,2,2,4,2,4,6,5,187.0,2.0,3.5,0.25,1.3333333333333333,0.625,
439,0,1,1,0,1,1,1,2,1,0.0,1.0,0.0,0.0,0.0,0.0,
24,0,1,1,1,1,2,1,3,2,72.0,0.5,1.0,0.0,0.0,1.0,
1280,1,0,0,1,1,1,1,2,1,0.0,1.0,0.0,0.0,0.0,0.0,
139,1,1,1,0,2,1,2,3,2,3.0,2.0,2.0,0.0,1.0,0.5,
794,2,2,1,1,3,3,2,6,5,99.0,1.0,1.6666666666666667,0.2222222222222222,0.6666666666666666,1.5,
1212,1,1,0,1,1,2,1,3,2,27.0,0.5,1.0,0.0,0.0,1.0,
1057,1,1,0,1,1,2,1,3,2,4.0,0.5,1.0,0.0,0.0,1.0,
1009,1,0,0,1,1,1,1,2,1,0.0,1.0,0.0,0.0,0.0,0.0,
447,1,1,0,0,1,1,1,2,1,0.0,1.0,0.0,0.0,0.0,0.0,
958,1,0,0,2,1,2,1,3,2,1.0,0.5,1.0,0.0,0.0,1.0,
1080,1,1,0,0,1,1,1,2,1,0.0,1.0,0.0,0.0,0.0,0.0,
327,2,3,0,3,2,6,2,8,7,88.0,0.3333333333333333,1.3333333333333333,0.22222222222222224,0.5,3.0,
1041,1,0,0,1,1,1,1,2,1,0.0,1.0,0.0,0.0,0.0,0.0,
494,4,1,0,2,4,3,4,7,6,46.0,1.3333333333333333,2.3333333333333335,1.5555555555555556,0.9166666666666666,1.25,
613,1,0,0,2,1,2,1,3,2,22.0,0.5,1.0,0.0,0.0,1.0,
705,1,2,0,3,1,5,1,6,5,130.0,0.2,1.0,0.0,0.0,2.5,
741,1,1,0,1,1,2,1,3,2,30.0,0.5,1.0,0.0,0.0,1.0,
269,1,0,0,1,1,1,1,2,1,0.0,1.0,0.0,0.0,0.0,0.0,
464,2,0,0,2,2,2,2,4,3,130.0,1.0,1.5,0.25,0.5,1.0,
121,33,23,2,32,35,55,9,90,89,264.0,0.6363636363636364,4.8,3.505454545454546,3.4767538017538024,11.892578125,
536,8,4,0,6,8,10,4,18,17,229.0,0.8,2.7,1.41,1.35,3.875,
895,0,1,1,1,1,2,1,3,2,52.0,0.5,1.0,0.0,0.0,1.0,
617,1,0,0,1,1,1,1,2,1,0.0,1.0,0.0,0.0,0.0,0.0,
1010,0,1,1,0,1,1,1,2,1,0.0,1.0,0.0,0.0,0.0,0.0,
867,14,7,1,11,15,18,11,33,32,545.0,0.8333333333333334,5.888888888888889,5.54320987654321,1.6064213564213567,2.81982421875,
917,3,0,0,4,3,4,3,7,6,81.0,0.75,2.0,1.0,0.8333333333333333,1.75,
337,1,0,0,2,1,2,1,3,2,23.0,0.5,1.0,0.0,0.0,1.0,
1018,3,1,0,1,3,2,3,5,4,24.0,1.5,2.0,1.0,0.8333333333333333,0.875,
889,1,0,0,1,1,1,1,2,1,0.0,1.0,0.0,0.0,0.0,0.0,
143,0,0,1,1,1,1,1,2,1,0.0,1.0,0.0,0.0,0.0,0.0,
303,1,0,0,2,1,2,1,3,2,48.0,0.5,1.0,0.0,0.0,1.0,
53,13,13,3,15,16,28,7,44,43,416.0,0.5714285714285714,3.5357142857142856,1.6772959183673464,1.8134920634920637,8.9296875,
845,1,0,0,3,1,3,1,4,3,107.0,0.3333333333333333,1.0,0.0,0.0,1.5,
59,4,4,3,5,7,9,5,16,15,158.0,0.7777777777777778,3.111111111111111,0.9876543209876544,1.4333333333333331,3.28125,
11,9,5,3,9,12,14,7,26,25,367.0,0.8571428571428571,3.0,2.857142857142857,1.6797619047619048,5.1484375,
750,1,1,0,2,1,3,1,4,3,52.0,0.3333333333333333,1.0,0.0,0.0,1.5,
904,2,0,0,1,2,1,2,3,2,73.0,2.0,2.0,0.0,1.0,0.5,
852,2,0,0,2,2,2,2,4,3,85.0,1.0,2.0,0.0,1.0,1.0,
801,0,1,1,1,1,2,1,3,2,68.0,0.5,1.0,0.0,0.0,1.0,
785,3,2,0,1,3,3,2,6,5,90.0,1.0,2.0,0.0,0.6666666666666666,1.5,
354,1,1,0,2,1,3,1,4,3,30.0,0.3333333333333333,1.0,0.0,0.0,1.5,
1300,0,1,1,2,1,3,1,4,3,140.0,0.3333333333333333,1.0,0.0,0.0,1.5,
204,0,1,1,0,1,1,1,2,1,0.0,1.0,0.0,0.0,0.0,0.0,
800,1,1,0,1,1,2,1,3,2,4.0,0.5,1.0,0.0,0.0,1.0,
10,10,5,1,6,11,11,6,22,21,224.0,1.0,3.909090909090909,1.1735537190082643,2.0,3.0625,
851,2,0,0,3,2,3,2,5,4,25.0,0.6666666666666666,1.3333333333333333,0.2222222222222222,0.5,1.5,
1161,3,0,0,5,3,5,3,8,7,27.0,0.6,2.0,0.8,0.8333333333333333,2.25,
1052,4,2,0,4,4,6,4,10,9,256.0,0.6666666666666666,1.6666666666666667,1.222222222222222,0.9166666666666666,2.75,
376,2,0,0,4,2,4,2,6,5,52.0,0.5,1.5,0.25,0.5,2.0,
893,1,0,0,1,1,1,1,2,1,0.0,1.0,0.0,0.0,0.0,0.0,
804,4,1,1,0,5,1,5,6,5,86.0,5.0,5.0,0.0,2.0833333333333335,0.15625,
601,1,0,0,1,1,1,1,2,1,0.0,1.0,0.0,0.0,0.0,0.0,
1298,1,1,0,0,1,1,1,2,1,0.0,1.0,0.0,0.0,0.0,0.0,
996,2,1,0,1,2,2,2,4,3,9.0,1.0,2.0,0.0,1.0,1.0,
1323,1,0,0,1,1,1,1,2,1,0.0,1.0,0.0,0.0,0.0,0.0,
1087,1,0,0,1,1,1,1,2,1,0.0,1.0,0.0,0.0,0.0,0.0,
540,2,0,0,2,2,2,2,4,3,149.0,1.0,1.5,0.25,0.5,1.0,
708,2,1,0,1,2,2,2,4,3,104.0,1.0,2.0,0.0,1.0,1.0,
902,2,2,0,3,2,5,2,7,6,196.0,0.4,1.4,0.24,0.5,2.5,
1122,0,1,1,0,1,1,1,2,1,0.0,1.0,0.0,0.0,0.0,0.0,
0,0,0,1,1,1,1,1,2,1,0.0,1.0,0.0,0.0,0.0,0.0,
1290,1,0,0,1,1,1,1,2,1,0.0,1.0,0.0,0.0,0.0,0.0,
42,4,4,1,9,5,13,3,18,17,523.0,0.38461538461538464,2.0,0.15384615384615385,1.0833333333333333,6.375,
512,2,1,0,4,2,5,2,7,6,77.0,0.4,1.2,0.16,0.5,2.5,
620,1,0,0,1,1,1,1,2,1,0.0,1.0,0.0,0.0,0.0,0.0,
209,0,1,1,0,1,1,1,2,1,0.0,1.0,0.0,0.0,0.0,0.0,
301,0,0,1,1,1,1,1,2,1,0.0,1.0,0.0,0.0,0.0,0.0,
812,0,0,1,1,1,1,1,2,1,0.0,1.0,0.0,0.0,0.0,0.0,
586,2,2,1,1,3,3,3,6,5,74.0,1.0,1.6666666666666667,0.888888888888889,0.8333333333333333,1.375,
935,1,1,0,0,1,1,1,2,1,0.0,1.0,0.0,0.0,0.0,0.0,
304,3,1,1,4,4,5,3,9,8,211.0,0.8,1.8,0.56,0.8333333333333333,2.375,
549,2,0,0,1,2,1,2,3,2,56.0,2.0,2.0,0.0,1.0,0.5,
1246,10,3,1,9,11,12,8,23,22,256.0,0.9166666666666666,6.083333333333333,1.4097222222222223,1.5785714285714285,1.2734375,
350,1,0,1,1,2,1,2,3,2,50.0,2.0,2.0,0.0,1.0,0.5,
442,1,0,0,1,1,1,1,2,1,0.0,1.0,0.0,0.0,0.0,0.0,
907,1,1,1,0,2,1,2,3,2,59.0,2.0,2.0,0.0,1.0,0.5,
513,1,1,0,1,1,2,1,3,2,34.0,0.5,1.0,0.0,0.0,1.0,
1205,4,2,0,4,4,6,3,10,9,118.0,0.6666666666666666,1.8333333333333333,0.47222222222222227,0.8333333333333333,2.875,
765,2,2,0,0,2,2,2,4,3,33.0,1.0,1.5,0.25,0.5,1.0,
826,1,0,0,1,1,1,1,2,1,0.0,1.0,0.0,0.0,0.0,0.0,
1106,2,1,0,1,2,2,2,4,3,38.0,1.0,1.5,0.25,0.5,1.0,
334,1,1,0,2,1,3,1,4,3,15.0,0.3333333333333333,1.0,0.0,0.0,1.5,
641,0,0,1,1,1,1,1,2,1,0.0,1.0,0.0,0.0,0.0,0.0,
427,3,1,0,5,3,6,3,9,8,200.0,0.5,1.8333333333333333,0.47222222222222215,0.8333333333333333,2.875,
616,1,0,0,1,1,1,1,2,1,0.0,1.0,0.0,0.0,0.0,0.0,
1236,0,1,1,0,1,1,1,2,1,0.0,1.0,0.0,0.0,0.0,0.0,
1112,1,1,0,0,1,1,1,2,1,0.0,1.0,0.0,0.0,0.0,0.0,
415,6,2,0,6,6,8,4,14,13,158.0,0.75,2.75,1.4375,1.4166666666666665,3.0,
856,0,0,1,1,1,1,1,2,1,0.0,1.0,0.0,0.0,0.0,0.0,
1242,1,1,0,0,1,1,1,2,1,0.0,1.0,0.0,0.0,0.0,0.0,
873,1,1,0,0,1,1,1,2,1,0.0,1.0,0.0,0.0,0.0,0.0,
858,1,2,0,4,1,6,1,7,6,94.0,0.16666666666666666,1.0,0.0,0.0,3.0,
1138,0,1,1,0,1,1,1,2,1,0.0,1.0,0.0,0.0,0.0,0.0,
1281,1,0,0,1,1,1,1,2,1,0.0,1.0,0.0,0.0,0.0,0.0,
1040,1,0,0,1,1,1,1,2,1,0.0,1.0,0.0,0.0,0.0,0.0,
285,1,0,1,2,2,2,2,4,3,48.0,1.0,1.5,0.25,0.5,1.0,
868,2,0,0,2,2,2,2,4,3,23.0,1.0,2.0,0.0,1.0,1.0,
710,0,0,1,1,1,1,1,2,1,0.0,1.0,0.0,0.0,0.0,0.0,
440,16,5,0,12,16,17,9,33,32,466.0,0.9411764705882353,6.823529411764706,1.5570934256055362,2.1781746031746034,1.224609375,
629,4,1,0,2,4,3,3,7,6,109.0,1.3333333333333333,2.6666666666666665,0.22222222222222224,0.8333333333333333,1.25,
430,1,0,0,3,1,3,1,4,3,25.0,0.3333333333333333,1.0,0.0,0.0,1.5,
141,10,7,2,15,12,22,7,34,33,190.0,0.5454545454545454,4.681818181818182,2.1260330578512394,1.9119047619047618,4.5078125,
1094,1,0,0,1,1,1,1,2,1,0.0,1.0,0.0,0.0,0.0,0.0,
108,4,2,1,2,5,4,3,9,8,124.0,1.25,2.75,0.1875,0.9,1.625,
453,0,0,1,1,1,1,1,2,1,0.0,1.0,0.0,0.0,0.0,0.0,
426,0,0,1,1,1,1,1,2,1,0.0,1.0,0.0,0.0,0.0,0.0,
109,9,4,2,9,11,13,7,24,23,142.0,0.8461538461538461,4.769230769230769,2.1775147928994083,1.4023809523809523,2.671875,
1046,1,1,0,1,1,2,1,3,2,17.0,0.5,1.0,0.0,0.0,1.0,
843,1,1,0,1,1,2,1,3,2,18.0,0.5,1.0,0.0,0.0,1.0,
1000,1,0,0,1,1,1,1,2,1,0.0,1.0,0.0,0.0,0.0,0.0,
419,3,0,0,1,3,1,3,4,3,34.0,3.0,3.0,0.0,1.5,0.375,
591,1,1,0,0,1,1,1,2,1,0.0,1.0,0.0,0.0,0.0,0.0,
679,3,0,0,3,3,3,3,6,5,53.0,1.0,2.3333333333333335,0.8888888888888888,0.8333333333333333,1.25,
730,2,1,0,1,2,2,2,4,3,88.0,1.0,2.0,0.0,1.0,1.0,
210,0,0,1,1,1,1,1,2,1,0.0,1.0,0.0,0.0,0.0,0.0,
56,6,3,1,7,7,10,6,17,16,245.0,0.7,3.2,2.7600000000000002,1.2666666666666666,3.4375,
400,1,1,0,0,1,1,1,2,1,0.0,1.0,0.0,0.0,0.0,0.0,
1083,7,3,0,2,7,5,6,12,11,300.0,1.4,3.2,3.7600000000000002,1.1023809523809522,1.75,
112,18,12,1,15,19,27,7,46,45,247.0,0.7037037037037037,3.4814814814814814,3.138545953360769,2.3349206349206346,8.359375,
403,1,0,0,1,1,1,1,2,1,0.0,1.0,0.0,0.0,0.0,0.0,
1166,2,2,0,2,2,4,2,6,5,51.0,0.5,1.25,0.1875,0.5,2.0,
1163,1,0,0,1,1,1,1,2,1,0.0,1.0,0.0,0.0,0.0,0.0,
483,0,0,1,1,1,1,1,2,1,0.0,1.0,0.0,0.0,0.0,0.0,
594,1,1,0,3,1,4,1,5,4,134.0,0.25,1.0,0.0,0.0,2.0,
949,1,0,0,1,1,1,1,2,1,0.0,1.0,0.0,0.0,0.0,0.0,
182,0,0,1,1,1,1,1,2,1,0.0,1.0,0.0,0.0,0.0,0.0,
1125,6,5,1,3,7,8,5,15,14,103.0,0.875,3.0,2.0,1.2333333333333334,2.9375,
431,1,0,0,1,1,1,1,2,1,0.0,1.0,0.0,0.0,0.0,0.0,
830,1,1,0,1,1,2,1,3,2,24.0,0.5,1.0,0.0,0.0,1.0,
742,2,2,0,2,2,4,2,6,5,57.0,0.5,1.5,0.25,0.5,2.0,
1320,1,1,0,1,1,2,1,3,2,16.0,0.5,1.0,0.0,0.0,1.0,
674,1,0,0,1,1,1,1,2,1,0.0,1.0,0.0,0.0,0.0,0.0,
455,0,0,1,1,1,1,1,2,1,0.0,1.0,0.0,0.0,0.0,0.0,
658,1,0,0,3,1,3,1,4,3,47.0,0.3333333333333333,1.0,0.0,0.0,1.5,
553,2,1,2,5,4,6,3,10,9,178.0,0.6666666666666666,1.6666666666666667,0.5555555555555556,0.8333333333333333,2.875,
1214,0,1,1,0,1,1,1,2,1,0.0,1.0,0.0,0.0,0.0,0.0,
1194,3,2,0,3,3,5,3,8,7,104.0,0.6,2.6,0.6400000000000002,0.8333333333333333,2.0,
168,1,0,1,1,2,1,2,3,2,5.0,2.0,2.0,0.0,1.0,0.5,
361,0,1,1,0,1,1,1,2,1,0.0,1.0,0.0,0.0,0.0,0.0,
648,2,0,2,3,4,3,3,7,6,129.0,1.3333333333333333,2.0,0.6666666666666666,0.8333333333333333,1.375,
145,4,3,1,4,5,7,5,12,11,120.0,0.7142857142857143,2.7142857142857144,2.2040816326530615,1.0333333333333332,2.8125,
1239,14,6,1,9,15,15,10,30,29,445.0,1.0,6.2,6.293333333333335,1.7702380952380954,2.232421875,
533,9,3,0,8,9,11,7,20,19,282.0,0.8181818181818182,4.090909090909091,2.082644628099174,1.411904761904762,2.9921875,
1064,1,0,0,1,1,1,1,2,1,0.0,1.0,0.0,0.0,0.0,0.0,
253,1,0,0,1,1,1,1,2,1,0.0,1.0,0.0,0.0,0.0,0.0,
9,13,5,2,13,15,18,6,33,32,271.0,0.8333333333333334,3.5555555555555554,2.1358024691358026,1.803174603174603,5.5625,
335,2,0,1,4,3,4,3,7,6,185.0,0.75,2.25,0.1875,1.0,1.875,
827,1,0,0,2,1,2,1,3,2,46.0,0.5,1.0,0.0,0.0,1.0,
758,1,1,0,0,1,1,1,2,1,0.0,1.0,0.0,0.0,0.0,0.0,
324,1,1,0,0,1,1,1,2,1,0.0,1.0,0.0,0.0,0.0,0.0,
1282,1,0,0,1,1,1,1,2,1,0.0,1.0,0.0,0.0,0.0,0.0,
273,0,0,1,1,1,1,1,2,1,0.0,1.0,0.0,0.0,0.0,0.0,
306,1,0,0,1,1,1,1,2,1,0.0,1.0,0.0,0.0,0.0,0.0,
1283,10,2,1,8,11,10,7,21,20,201.0,1.1,4.0,2.6,1.5369047619047618,2.8359375,
882,15,7,0,11,15,18,7,33,32,459.0,0.8333333333333334,3.888888888888889,2.9876543209876543,2.1738095238095236,5.0546875,
368,1,0,0,3,1,3,1,4,3,17.0,0.3333333333333333,1.0,0.0,0.0,1.5,
1186,0,1,1,1,1,2,1,3,2,27.0,0.5,1.0,0.0,0.0,1.0,
343,6,1,2,3,8,4,8,12,11,523.0,2.0,4.0,5.5,1.269047619047619,1.28125,
1315,1,0,0,2,1,2,1,3,2,2.0,0.5,1.0,0.0,0.0,1.0,
654,2,0,1,3,3,3,3,6,5,28.0,1.0,2.0,0.6666666666666666,0.8333333333333333,1.375,
630,1,0,0,1,1,1,1,2,1,0.0,1.0,0.0,0.0,0.0,0.0,
1267,1,1,0,0,1,1,1,2,1,0.0,1.0,0.0,0.0,0.0,0.0,
236,1,1,1,1,2,2,2,4,3,63.0,1.0,1.5,0.25,0.5,1.0,
547,0,0,1,1,1,1,1,2,1,0.0,1.0,0.0,0.0,0.0,0.0,
681,1,0,0,1,1,1,1,2,1,0.0,1.0,0.0,0.0,0.0,0.0,
1172,0,1,1,0,1,1,1,2,1,0.0,1.0,0.0,0.0,0.0,0.0,
225,0,1,1,3,1,4,1,5,4,131.0,0.25,1.0,0.0,0.0,2.0,
639,3,1,0,2,3,3,2,6,5,85.0,1.0,1.6666666666666667,0.2222222222222222,0.6666666666666666,1.5,
82,0,1,1,0,1,1,1,2,1,0.0,1.0,0.0,0.0,0.0,0.0,
508,1,2,0,0,1,2,1,3,2,73.0,0.5,1.0,0.0,0.0,1.0,
1050,1,0,0,1,1,1,1,2,1,0.0,1.0,0.0,0.0,0.0,0.0,
525,0,0,1,1,1,1,1,2,1,0.0,1.0,0.0,0.0,0.0,0.0,
618,4,2,0,2,4,4,3,8,7,166.0,1.0,1.75,0.6875,0.8333333333333333,1.875,
955,1,1,0,0,1,1,1,2,1,0.0,1.0,0.0,0.0,0.0,0.0,
1178,1,0,1,2,2,2,2,4,3,39.0,1.0,2.0,0.0,1.0,1.0,
469,4,3,0,8,4,11,3,15,14,197.0,0.36363636363636365,1.7272727272727273,0.3801652892561984,0.8333333333333333,5.375,
1213,1,1,0,0,1,1,1,2,1,0.0,1.0,0.0,0.0,0.0,0.0,
1147,1,2,0,1,1,3,1,4,3,21.0,0.3333333333333333,1.0,0.0,0.0,1.5,
1073,2,2,0,2,2,4,2,6,5,36.0,0.5,1.5,0.25,0.5,2.0,
836,2,1,0,1,2,2,2,4,3,30.0,1.0,2.0,0.0,1.0,1.0,
861,2,0,0,2,2,2,2,4,3,19.0,1.0,1.5,0.25,0.5,1.0,
1264,4,3,0,4,4,7,4,11,10,213.0,0.5714285714285714,2.0,1.7142857142857142,0.9166666666666665,3.0,
1035,1,1,0,1,1,2,1,3,2,29.0,0.5,1.0,0.0,0.0,1.0,
820,1,0,0,1,1,1,1,2,1,0.0,1.0,0.0,0.0,0.0,0.0,
1027,2,0,0,2,2,2,2,4,3,44.0,1.0,2.0,0.0,1.0,1.0,
293,1,0,0,1,1,1,1,2,1,0.0,1.0,0.0,0.0,0.0,0.0,
884,0,0,1,1,1,1,1,2,1,0.0,1.0,0.0,0.0,0.0,0.0,
1304,1,0,0,1,1,1,1,2,1,0.0,1.0,0.0,0.0,0.0,0.0,
1307,2,2,0,4,2,6,2,8,7,150.0,0.3333333333333333,1.3333333333333333,0.22222222222222224,0.5,3.0,
85,1,5,1,3,2,8,2,10,9,105.0,0.25,1.25,0.1875,0.5,4.0,
1167,1,0,0,3,1,3,1,4,3,51.0,0.3333333333333333,1.0,0.0,0.0,1.5,
953,1,0,0,2,1,2,1,3,2,3.0,0.5,1.0,0.0,0.0,1.0,
1048,4,5,0,9,4,14,3,18,17,302.0,0.2857142857142857,2.0,0.42857142857142855,0.8333333333333333,6.625,
1116,11,4,1,10,12,14,5,26,25,238.0,0.8571428571428571,3.0,1.7142857142857142,1.5198412698412698,4.9375,
514,1,0,0,1,1,1,1,2,1,0.0,1.0,0.0,0.0,0.0,0.0,
704,4,3,0,4,4,7,3,11,10,198.0,0.5714285714285714,1.7142857142857142,0.7755102040816327,0.8333333333333333,3.25,
780,3,0,0,2,3,2,3,5,4,128.0,1.5,2.5,0.25,1.0,0.875,
384,1,1,0,0,1,1,1,2,1,0.0,1.0,0.0,0.0,0.0,0.0,
63,8,4,3,13,11,17,6,28,27,216.0,0.6470588235294118,3.588235294117647,1.1833910034602075,1.5785714285714285,5.28125,
14,0,0,2,2,2,2,2,4,3,33.0,1.0,2.0,0.0,1.0,1.0,
1137,4,0,0,6,4,6,3,10,9,94.0,0.6666666666666666,2.0,0.6666666666666666,1.1666666666666665,2.75,
1132,1,0,0,1,1,1,1,2,1,0.0,1.0,0.0,0.0,0.0,0.0,
972,1,2,0,0,1,2,1,3,2,12.0,0.5,1.0,0.0,0.0,1.0,
67,2,1,1,2,3,3,3,6,5,15.0,1.0,2.3333333333333335,0.22222222222222224,1.0,1.375,
1091,1,0,0,1,1,1,1,2,1,0.0,1.0,0.0,0.0,0.0,0.0,
282,2,3,0,3,2,6,2,8,7,70.0,0.3333333333333333,1.6666666666666667,0.22222222222222224,0.5,3.0,
445,2,1,0,0,2,1,2,3,2,13.0,2.0,2.0,0.0,1.0,0.5,
249,0,1,1,1,1,2,1,3,2,102.0,0.5,1.0,0.0,0.0,1.0,
1011,3,2,0,3,3,5,3,8,7,110.0,0.6,2.0,0.4,0.8333333333333333,2.375,
49,0,1,1,0,1,1,1,2,1,0.0,1.0,0.0,0.0,0.0,0.0,
678,2,1,0,0,2,1,2,3,2,47.0,2.0,2.0,0.0,1.0,0.5,
910,1,0,0,1,1,1,1,2,1,0.0,1.0,0.0,0.0,0.0,0.0,
486,0,0,1,1,1,1,1,2,1,0.0,1.0,0.0,0.0,0.0,0.0,
410,1,0,1,2,2,2,2,4,3,68.0,1.0,1.5,0.25,0.5,1.0,
260,1,1,0,0,1,1,1,2,1,0.0,1.0,0.0,0.0,0.0,0.0,
563,1,1,0,2,1,3,1,4,3,43.0,0.3333333333333333,1.0,0.0,0.0,1.5,
970,2,1,0,3,2,4,2,6,5,58.0,0.5,2.0,0.0,1.0,2.0,
1258,2,1,1,5,3,6,3,9,8,63.0,0.5,1.5,0.5833333333333334,0.8333333333333333,2.875,
1154,2,0,0,1,2,1,2,3,2,30.0,2.0,2.0,0.0,1.0,0.5,
76,0,0,1,1,1,1,1,2,1,0.0,1.0,0.0,0.0,0.0,0.0,
470,5,0,0,3,5,3,4,8,7,60.0,1.6666666666666667,3.0,0.6666666666666666,0.9833333333333334,1.125,
1021,1,1,0,0,1,1,1,2,1,0.0,1.0,0.0,0.0,0.0,0.0,
191,0,0,1,1,1,1,1,2,1,0.0,1.0,0.0,0.0,0.0,0.0,
720,0,0,1,1,1,1,1,2,1,0.0,1.0,0.0,0.0,0.0,0.0,
1066,0,0,1,1,1,1,1,2,1,0.0,1.0,0.0,0.0,0.0,0.0,
61,0,1,1,0,1,1,1,2,1,0.0,1.0,0.0,0.0,0.0,0.0,
552,0,0,1,1,1,1,1,2,1,0.0,1.0,0.0,0.0,0.0,0.0,
356,0,1,1,0,1,1,1,2,1,0.0,1.0,0.0,0.0,0.0,0.0,
945,0,0,1,2,1,2,1,3,2,2.0,0.5,1.0,0.0,0.0,1.0,
93,22,15,4,17,26,32,6,58,57,303.0,0.8125,3.75,1.75,3.283333333333333,9.375,
308,1,1,0,0,1,1,1,2,1,0.0,1.0,0.0,0.0,0.0,0.0,
1229,0,0,1,1,1,1,1,2,1,0.0,1.0,0.0,0.0,0.0,0.0,
22,15,9,2,12,17,21,8,38,37,236.0,0.8095238095238095,4.0,1.7142857142857142,1.713239538239538,5.53125,
559,3,3,1,2,4,5,4,9,8,251.0,0.8,3.4,0.24,1.3333333333333333,1.625,
1230,3,0,0,1,3,1,3,4,3,30.0,3.0,3.0,0.0,1.5,0.375,
1217,0,0,1,1,1,1,1,2,1,0.0,1.0,0.0,0.0,0.0,0.0,
1007,1,0,0,1,1,1,1,2,1,0.0,1.0,0.0,0.0,0.0,0.0,
909,1,1,0,0,1,1,1,2,1,0.0,1.0,0.0,0.0,0.0,0.0,
1198,1,0,0,2,1,2,1,3,2,52.0,0.5,1.0,0.0,0.0,1.0,
1124,9,6,2,12,11,18,6,29,28,326.0,0.6111111111111112,3.2222222222222223,3.1728395061728394,1.5785714285714287,6.09375,
572,4,2,1,4,5,6,4,11,10,220.0,0.8333333333333334,3.5,0.5833333333333334,1.4999999999999998,1.875,
40,0,1,1,0,1,1,1,2,1,0.0,1.0,0.0,0.0,0.0,0.0,
355,2,2,0,3,2,5,2,7,6,34.0,0.4,1.2,0.16,0.5,2.5,
1255,2,1,0,1,2,2,2,4,3,68.0,1.0,2.0,0.0,1.0,1.0,
711,1,1,0,0,1,1,1,2,1,0.0,1.0,0.0,0.0,0.0,0.0,
664,2,3,0,1,2,4,2,6,5,81.0,0.5,1.25,0.1875,0.5,2.0,
557,1,1,0,2,1,3,1,4,3,7.0,0.3333333333333333,1.0,0.0,0.0,1.5,
811,2,0,0,4,2,4,2,6,5,17.0,0.5,1.5,0.25,0.5,2.0,
1058,11,4,2,10,13,14,9,27,26,878.0,0.9285714285714286,5.0,6.0,1.3064213564213565,2.84765625,
433,0,1,1,0,1,1,1,2,1,0.0,1.0,0.0,0.0,0.0,0.0,
927,1,0,0,1,1,1,1,2,1,0.0,1.0,0.0,0.0,0.0,0.0,
175,0,0,1,1,1,1,1,2,1,0.0,1.0,0.0,0.0,0.0,0.0,
230,0,0,1,1,1,1,1,2,1,0.0,1.0,0.0,0.0,0.0,0.0,
1092,5,3,0,1,5,4,4,9,8,58.0,1.25,2.75,1.1875,1.1666666666666665,1.5,
1127,1,1,0,0,1,1,1,2,1,0.0,1.0,0.0,0.0,0.0,0.0,
1237,3,4,0,3,3,7,3,10,9,161.0,0.42857142857142855,2.0,0.5714285714285714,0.8333333333333333,3.25,
398,1,1,0,0,1,1,1,2,1,0.0,1.0,0.0,0.0,0.0,0.0,
78,6,4,1,4,7,8,5,15,14,95.0,0.875,3.75,2.6875,1.4833333333333334,2.125,
787,1,1,0,0,1,1,1,2,1,0.0,1.0,0.0,0.0,0.0,0.0,
214,0,1,1,0,1,1,1,2,1,0.0,1.0,0.0,0.0,0.0,0.0,
131,6,10,2,12,8,22,6,30,29,285.0,0.36363636363636365,4.090909090909091,1.8099173553719012,1.633333333333333,5.8125,
541,3,2,0,3,3,5,3,8,7,224.0,0.6,2.0,0.4,0.8333333333333333,2.375,
1185,2,1,1,2,3,3,2,6,5,42.0,1.0,1.6666666666666667,0.2222222222222222,0.6666666666666666,1.5,
928,1,0,0,1,1,1,1,2,1,0.0,1.0,0.0,0.0,0.0,0.0,
1120,3,3,0,2,3,5,3,8,7,106.0,0.6,1.6,0.64,0.8333333333333333,2.375,
215,2,1,0,3,2,4,2,6,5,54.0,0.5,1.25,0.1875,0.5,2.0,
520,1,0,0,1,1,1,1,2,1,0.0,1.0,0.0,0.0,0.0,0.0,
50,7,12,1,12,8,24,4,32,31,348.0,0.3333333333333333,2.5833333333333335,1.076388888888889,1.35,9.5,
142,0,0,1,1,1,1,1,2,1,0.0,1.0,0.0,0.0,0.0,0.0,
460,0,0,1,1,1,1,1,2,1,0.0,1.0,0.0,0.0,0.0,0.0,
222,0,0,1,1,1,1,1,2,1,0.0,1.0,0.0,0.0,0.0,0.0,
401,3,1,0,3,3,4,3,7,6,109.0,0.75,2.25,0.1875,1.0,1.875,
891,1,1,1,5,2,6,2,8,7,75.0,0.3333333333333333,1.1666666666666667,0.13888888888888887,0.5,3.0,
413,8,5,1,5,9,10,8,19,18,524.0,0.9,4.6,5.24,1.286904761904762,2.3984375,
172,0,1,1,0,1,1,1,2,1,0.0,1.0,0.0,0.0,0.0,0.0,
712,1,0,0,1,1,1,1,2,1,0.0,1.0,0.0,0.0,0.0,0.0,
944,2,0,0,1,2,1,2,3,2,13.0,2.0,2.0,0.0,1.0,0.5,
1196,1,0,1,1,2,1,2,3,2,167.0,2.0,2.0,0.0,1.0,0.5,
942,1,1,0,0,1,1,1,2,1,0.0,1.0,0.0,0.0,0.0,0.0,
457,0,0,1,1,1,1,1,2,1,0.0,1.0,0.0,0.0,0.0,0.0,
187,0,0,1,1,1,1,1,2,1,0.0,1.0,0.0,0.0,0.0,0.0,
803,2,2,1,4,3,6,2,9,8,260.0,0.5,1.8333333333333333,0.13888888888888887,0.6666666666666666,3.0,
978,9,3,1,7,10,10,6,20,19,189.0,1.0,3.9,2.29,1.4357142857142857,2.75,
1211,8,1,0,4,8,5,7,13,12,202.0,1.6,4.6,4.24,1.3261904761904761,1.0546875,
729,2,0,0,2,2,2,2,4,3,38.0,1.0,2.0,0.0,1.0,1.0,
1111,3,1,0,3,3,4,3,7,6,57.0,0.75,1.75,0.6875,0.8333333333333333,1.875,
542,1,0,0,1,1,1,1,2,1,0.0,1.0,0.0,0.0,0.0,0.0,
568,3,0,0,2,3,2,3,5,4,29.0,1.5,3.0,0.0,1.5,0.75,
1193,4,5,0,3,4,8,3,12,11,323.0,0.5,2.375,0.484375,1.1666666666666665,3.5,
114,1,1,1,1,2,2,2,4,3,6.0,1.0,1.5,0.25,0.5,1.0,
940,1,2,0,2,1,4,1,5,4,99.0,0.25,1.0,0.0,0.0,2.0,
561,1,1,2,0,3,1,3,4,3,32.0,3.0,3.0,0.0,1.5,0.375,
937,2,1,1,2,3,3,2,6,5,119.0,1.0,1.6666666666666667,0.2222222222222222,0.6666666666666666,1.5,
257,0,0,1,1,1,1,1,2,1,0.0,1.0,0.0,0.0,0.0,0.0,
612,2,0,0,5,2,5,2,7,6,198.0,0.4,1.6,0.24,0.5,2.5,
41,0,0,1,1,1,1,1,2,1,0.0,1.0,0.0,0.0,0.0,0.0,
899,1,3,0,1,1,4,1,5,4,65.0,0.25,1.0,0.0,0.0,2.0,
833,16,11,0,15,16,26,12,42,41,886.0,0.6153846153846154,7.230769230769231,7.715976331360947,1.8682900432900436,2.71728515625,
421,4,1,0,3,4,4,4,8,7,78.0,1.0,2.5,1.25,0.9166666666666665,1.625,
600,2,2,0,2,2,4,2,6,5,59.0,0.5,1.25,0.1875,0.5,2.0,
52,9,7,1,11,10,18,6,28,27,122.0,0.5555555555555556,3.5555555555555554,1.2469135802469138,1.6023809523809522,5.71875,
1036,1,0,0,1,1,1,1,2,1,0.0,1.0,0.0,0.0,0.0,0.0,
102,1,1,1,2,2,3,2,5,4,89.0,0.6666666666666666,1.3333333333333333,0.2222222222222222,0.5,1.5,
345,1,0,0,1,1,1,1,2,1,0.0,1.0,0.0,0.0,0.0,0.0,
88,2,2,1,3,3,5,3,8,7,73.0,0.6,1.8,0.56,0.8333333333333333,2.375,
560,1,0,0,1,1,1,1,2,1,0.0,1.0,0.0,0.0,0.0,0.0,
323,3,2,2,5,5,7,4,12,11,208.0,0.7142857142857143,2.7142857142857144,1.6326530612244896,0.9833333333333334,2.625,
5,18,11,2,14,20,25,7,45,44,229.0,0.8,4.28,3.0816000000000003,2.1330086580086585,6.1953125,
1171,1,1,0,1,1,2,1,3,2,1.0,0.5,1.0,0.0,0.0,1.0,
60,12,9,3,9,15,18,7,33,32,237.0,0.8333333333333334,4.5,2.5833333333333335,1.7273809523809527,4.046875,
491,4,4,0,6,4,10,4,14,13,127.0,0.4,2.1,1.6900000000000002,0.9166666666666665,4.25,
152,2,2,1,1,3,3,3,6,5,117.0,1.0,2.0,0.6666666666666666,0.8333333333333333,1.375,
8,0,0,1,1,1,1,1,2,1,0.0,1.0,0.0,0.0,0.0,0.0,
468,1,0,0,1,1,1,1,2,1,0.0,1.0,0.0,0.0,0.0,0.0,
548,0,0,1,1,1,1,1,2,1,0.0,1.0,0.0,0.0,0.0,0.0,
